Leaf number,spectrometer,gain,integration time,450 nm,500 nm,550 nm,570 nm,600 nm,650 nm,Time,position,Chlorophyll a (ug/ml),Chlorophyll b (ug/ml),Total Chlorophyll (ug/ml),Chlorophyll a (ug/ml) stdev,Chlorophyll b (ug/ml) stdev,Total Chlorophyll (ug/ml) stdev
Leaf: 31,b'AS7262',16,150,0.119196981,0.138597835,0.257050275,0.247519785,0.199626724,0.145698163,11:03:16,pos 1,0.22002364,0.046069045,0.266092685,0.005044313,0.004615937,0.005275167
Leaf: 31,b'AS7262',16,200,0.120803906,0.139192009,0.25523884,0.245930681,0.198543376,0.144353471,11:03:16,pos 1,0.22002364,0.046069045,0.266092685,0.005044313,0.004615937,0.005275167
Leaf: 31,b'AS7262',16,250,0.121514735,0.137394331,0.254488562,0.245472753,0.19770841,0.143956765,11:03:16,pos 1,0.22002364,0.046069045,0.266092685,0.005044313,0.004615937,0.005275167
Leaf: 31,b'AS7262',16,150,0.10682211,0.132015344,0.252353834,0.233248892,0.187570514,0.130838719,11:03:36,pos 2,0.22002364,0.046069045,0.266092685,0.005044313,0.004615937,0.005275167
Leaf: 31,b'AS7262',16,200,0.108408557,0.13071459,0.249932396,0.231259844,0.186289396,0.129822295,11:03:36,pos 2,0.22002364,0.046069045,0.266092685,0.005044313,0.004615937,0.005275167
Leaf: 31,b'AS7262',16,250,0.108902978,0.129585104,0.248245306,0.22992841,0.185243476,0.129244804,11:03:37,pos 2,0.22002364,0.046069045,0.266092685,0.005044313,0.004615937,0.005275167
Leaf: 32,b'AS7262',16,150,0.116628147,0.158062686,0.28577823,0.270499735,0.214681666,0.152947995,11:06:34,pos 1,0.292969766,0.06204836,0.355018126,0.005064258,0.00204361,0.006488932
Leaf: 32,b'AS7262',16,200,0.118727799,0.155436311,0.283280466,0.268450558,0.213531543,0.15196311,11:06:34,pos 1,0.292969766,0.06204836,0.355018126,0.005064258,0.00204361,0.006488932
Leaf: 32,b'AS7262',16,250,0.119473748,0.155526065,0.281028014,0.266505931,0.21208357,0.151102212,11:06:34,pos 1,0.292969766,0.06204836,0.355018126,0.005064258,0.00204361,0.006488932
Leaf: 32,b'AS7262',16,150,0.088430018,0.104521844,0.209194931,0.198486335,0.168828824,0.113100924,11:06:51,pos 2,0.292969766,0.06204836,0.355018126,0.005064258,0.00204361,0.006488932
Leaf: 32,b'AS7262',16,200,0.089828768,0.103536986,0.207060197,0.196742952,0.167488669,0.112336355,11:06:51,pos 2,0.292969766,0.06204836,0.355018126,0.005064258,0.00204361,0.006488932
Leaf: 32,b'AS7262',16,250,0.090379514,0.102936078,0.205625627,0.195571463,0.16666613,0.111899195,11:06:51,pos 2,0.292969766,0.06204836,0.355018126,0.005064258,0.00204361,0.006488932
Leaf: 33,b'AS7262',16,150,0.104980582,0.102011846,0.119668903,0.124685186,0.105661803,0.126880991,11:15:35,pos 1,0.534325045,0.149019099,0.683344144,0.030150809,0.010207065,0.040259681
Leaf: 33,b'AS7262',16,200,0.10661393,0.10061972,0.118260009,0.123498545,0.104863322,0.125977008,11:15:35,pos 1,0.534325045,0.149019099,0.683344144,0.030150809,0.010207065,0.040259681
Leaf: 33,b'AS7262',16,250,0.107044992,0.100123508,0.117795235,0.122962204,0.104248735,0.125477805,11:15:35,pos 1,0.534325045,0.149019099,0.683344144,0.030150809,0.010207065,0.040259681
Leaf: 33,b'AS7262',16,150,0.085521057,0.08818198,0.126805134,0.125563405,0.099931477,0.088257216,11:15:58,pos 2,0.534325045,0.149019099,0.683344144,0.030150809,0.010207065,0.040259681
Leaf: 33,b'AS7262',16,200,0.086749749,0.087716565,0.125643185,0.124596318,0.09931788,0.087820966,11:15:58,pos 2,0.534325045,0.149019099,0.683344144,0.030150809,0.010207065,0.040259681
Leaf: 33,b'AS7262',16,250,0.087311012,0.087307656,0.125216893,0.124116435,0.098832633,0.087462074,11:15:58,pos 2,0.534325045,0.149019099,0.683344144,0.030150809,0.010207065,0.040259681
Leaf: 34,b'AS7262',16,150,0.072876469,0.077709855,0.103371506,0.101234815,0.084558195,0.071652773,11:17:11,pos 1,0.637440288,0.178587099,0.816027387,0.051234653,0.015255761,0.065915849
Leaf: 34,b'AS7262',16,200,0.073800215,0.07634681,0.102221812,0.100210226,0.083898349,0.07091519,11:17:11,pos 1,0.637440288,0.178587099,0.816027387,0.051234653,0.015255761,0.065915849
Leaf: 34,b'AS7262',16,250,0.074171427,0.076476471,0.101941839,0.099771117,0.083557947,0.070731707,11:17:11,pos 1,0.637440288,0.178587099,0.816027387,0.051234653,0.015255761,0.065915849
Leaf: 34,b'AS7262',16,150,0.093438598,0.079521702,0.116619275,0.116781216,0.108865836,0.085882584,11:17:31,pos 2,0.637440288,0.178587099,0.816027387,0.051234653,0.015255761,0.065915849
Leaf: 34,b'AS7262',16,200,0.094728885,0.078528507,0.115634191,0.116041567,0.108306185,0.085648715,11:17:32,pos 2,0.637440288,0.178587099,0.816027387,0.051234653,0.015255761,0.065915849
Leaf: 34,b'AS7262',16,250,0.095193325,0.079059602,0.115284699,0.115641656,0.10771772,0.085335701,11:17:32,pos 2,0.637440288,0.178587099,0.816027387,0.051234653,0.015255761,0.065915849
Leaf: 35,b'AS7262',16,150,0.095702449,0.094764471,0.129952384,0.12252095,0.115119875,0.095561023,11:18:45,pos 1,0.620760324,0.183368432,0.804128757,0.037005683,0.013689338,0.050554761
Leaf: 35,b'AS7262',16,200,0.097975009,0.094299046,0.128799598,0.121671495,0.114822137,0.095970276,11:18:45,pos 1,0.620760324,0.183368432,0.804128757,0.037005683,0.013689338,0.050554761
Leaf: 35,b'AS7262',16,250,0.099394942,0.094029783,0.128246996,0.121205766,0.114458538,0.096053916,11:18:45,pos 1,0.620760324,0.183368432,0.804128757,0.037005683,0.013689338,0.050554761
Leaf: 35,b'AS7262',16,150,0.094611565,0.078341512,0.133794987,0.115756628,0.119032557,0.092268918,11:18:59,pos 2,0.620760324,0.183368432,0.804128757,0.037005683,0.013689338,0.050554761
Leaf: 35,b'AS7262',16,200,0.095995655,0.077369097,0.132962473,0.115116301,0.11833425,0.092084509,11:18:59,pos 2,0.620760324,0.183368432,0.804128757,0.037005683,0.013689338,0.050554761
Leaf: 35,b'AS7262',16,250,0.096516462,0.07812209,0.132528735,0.114694466,0.117804342,0.091714819,11:18:59,pos 2,0.620760324,0.183368432,0.804128757,0.037005683,0.013689338,0.050554761
Leaf: 36,b'AS7262',16,150,0.081615072,0.07953833,0.137539968,0.124841956,0.110899242,0.076905756,11:20:03,pos 1,0.409509514,0.110489297,0.519998811,0.013153833,0.007429552,0.018652916
Leaf: 36,b'AS7262',16,200,0.082447912,0.078865115,0.13610056,0.123631805,0.109507659,0.076433526,11:20:03,pos 1,0.409509514,0.110489297,0.519998811,0.013153833,0.007429552,0.018652916
Leaf: 36,b'AS7262',16,250,0.082623807,0.078590838,0.135500331,0.123018629,0.108531082,0.075999067,11:20:03,pos 1,0.409509514,0.110489297,0.519998811,0.013153833,0.007429552,0.018652916
Leaf: 36,b'AS7262',16,150,0.083667771,0.07712808,0.151397618,0.128396652,0.122493371,0.075304676,11:20:20,pos 2,0.409509514,0.110489297,0.519998811,0.013153833,0.007429552,0.018652916
Leaf: 36,b'AS7262',16,200,0.084497619,0.07594787,0.150528482,0.127442648,0.122069744,0.074639049,11:20:20,pos 2,0.409509514,0.110489297,0.519998811,0.013153833,0.007429552,0.018652916
Leaf: 36,b'AS7262',16,250,0.084432532,0.075199862,0.150307131,0.127152497,0.121877159,0.074261266,11:20:21,pos 2,0.409509514,0.110489297,0.519998811,0.013153833,0.007429552,0.018652916
Leaf: 1,b'AS7262',16,150,0.139618273,0.184924529,0.313432558,0.309224569,0.233300073,0.168742897,16:13:52,pos 1,0.178536649,0.030301405,0.208838054,0.007381983,0.010066401,0.016239584
Leaf: 1,b'AS7262',16,200,0.141785376,0.183573961,0.310434741,0.306503727,0.231485018,0.167519546,16:13:52,pos 1,0.178536649,0.030301405,0.208838054,0.007381983,0.010066401,0.016239584
Leaf: 1,b'AS7262',16,250,0.142543711,0.182254918,0.308079834,0.304369382,0.230044704,0.166548173,16:13:52,pos 1,0.178536649,0.030301405,0.208838054,0.007381983,0.010066401,0.016239584
Leaf: 1,b'AS7262',16,150,0.176953896,0.163415118,0.308101736,0.295194195,0.288426216,0.212619637,16:14:06,pos 2,0.178536649,0.030301405,0.208838054,0.007381983,0.010066401,0.016239584
Leaf: 1,b'AS7262',16,200,0.179657537,0.162841644,0.305558353,0.293197266,0.286516119,0.211625668,16:14:06,pos 2,0.178536649,0.030301405,0.208838054,0.007381983,0.010066401,0.016239584
Leaf: 1,b'AS7262',16,250,0.180498568,0.160034119,0.303073488,0.290926459,0.284532063,0.21036021,16:14:06,pos 2,0.178536649,0.030301405,0.208838054,0.007381983,0.010066401,0.016239584
Leaf: 2,b'AS7262',16,150,0.126703986,0.171327404,0.307723573,0.303788085,0.24556179,0.188981332,16:15:47,pos 1,0.210932288,0.039267532,0.25019982,0.006553674,0.006490456,0.012424851
Leaf: 2,b'AS7262',16,200,0.12852789,0.173114249,0.305814488,0.302426364,0.243192113,0.187380197,16:15:47,pos 1,0.210932288,0.039267532,0.25019982,0.006553674,0.006490456,0.012424851
Leaf: 2,b'AS7262',16,250,0.128728515,0.171732966,0.298842993,0.296195707,0.239194722,0.185825835,16:15:47,pos 1,0.210932288,0.039267532,0.25019982,0.006553674,0.006490456,0.012424851
Leaf: 2,b'AS7262',16,150,0.114481616,0.16742117,0.328851727,0.306014943,0.257196978,0.161223248,16:16:08,pos 2,0.210932288,0.039267532,0.25019982,0.006553674,0.006490456,0.012424851
Leaf: 2,b'AS7262',16,200,0.116132612,0.166157789,0.325530611,0.303226089,0.256000637,0.160409233,16:16:08,pos 2,0.210932288,0.039267532,0.25019982,0.006553674,0.006490456,0.012424851
Leaf: 2,b'AS7262',16,250,0.117249815,0.165250238,0.322937746,0.30102591,0.254722083,0.159737264,16:16:08,pos 2,0.210932288,0.039267532,0.25019982,0.006553674,0.006490456,0.012424851
Leaf: 3,b'AS7262',16,150,0.082705947,0.099967286,0.155264655,0.149860575,0.106216321,0.090577875,16:17:46,pos 1,0.417203387,0.090401874,0.507605261,0.015719215,0.010863674,0.024973114
Leaf: 3,b'AS7262',16,200,0.084207362,0.098575156,0.153931949,0.148739291,0.105841493,0.089952751,16:17:46,pos 1,0.417203387,0.090401874,0.507605261,0.015719215,0.010863674,0.024973114
Leaf: 3,b'AS7262',16,250,0.084657774,0.098757137,0.15314692,0.147878331,0.105142196,0.089372578,16:17:46,pos 1,0.417203387,0.090401874,0.507605261,0.015719215,0.010863674,0.024973114
Leaf: 3,b'AS7262',16,150,0.100300417,0.103856933,0.17592913,0.168240332,0.128336602,0.099015032,16:18:06,pos 2,0.417203387,0.090401874,0.507605261,0.015719215,0.010863674,0.024973114
Leaf: 3,b'AS7262',16,200,0.10234727,0.103487043,0.173858478,0.1663976,0.12723783,0.098466347,16:18:06,pos 2,0.417203387,0.090401874,0.507605261,0.015719215,0.010863674,0.024973114
Leaf: 3,b'AS7262',16,250,0.102519726,0.102706648,0.172623351,0.165185352,0.126233476,0.098126333,16:18:06,pos 2,0.417203387,0.090401874,0.507605261,0.015719215,0.010863674,0.024973114
Leaf: 4,b'AS7262',16,150,0.083480108,0.098570996,0.145505715,0.142573504,0.108475661,0.088473095,16:19:21,pos 1,0.386880072,0.093718342,0.480598414,0.023133036,0.011086103,0.02881443
Leaf: 4,b'AS7262',16,200,0.084673571,0.098014152,0.143739954,0.141109806,0.107589851,0.087861447,16:19:21,pos 1,0.386880072,0.093718342,0.480598414,0.023133036,0.011086103,0.02881443
Leaf: 4,b'AS7262',16,250,0.085094101,0.097171384,0.143214791,0.140457415,0.106990646,0.087462074,16:19:22,pos 1,0.386880072,0.093718342,0.480598414,0.023133036,0.011086103,0.02881443
Leaf: 4,b'AS7262',16,150,0.072055397,0.102593634,0.163986728,0.157210376,0.100290898,0.070969165,16:19:42,pos 2,0.386880072,0.093718342,0.480598414,0.023133036,0.011086103,0.02881443
Leaf: 4,b'AS7262',16,200,0.073122806,0.101592074,0.162184317,0.155733595,0.099518126,0.070577883,16:19:42,pos 2,0.386880072,0.093718342,0.480598414,0.023133036,0.011086103,0.02881443
Leaf: 4,b'AS7262',16,250,0.073523957,0.101220577,0.161578657,0.155085901,0.099035974,0.070343125,16:19:43,pos 2,0.386880072,0.093718342,0.480598414,0.023133036,0.011086103,0.02881443
Leaf: 5,b'AS7262',16,150,0.081966976,0.083644063,0.107799613,0.110518734,0.07742096,0.085091045,16:21:15,pos 1,0.493942559,0.143038126,0.636980685,0.031614398,0.007389617,0.038265514
Leaf: 5,b'AS7262',16,200,0.083134097,0.083016573,0.106741362,0.109588267,0.076843312,0.084609814,16:21:15,pos 1,0.493942559,0.143038126,0.636980685,0.031614398,0.007389617,0.038265514
Leaf: 5,b'AS7262',16,250,0.0835528,0.082699921,0.106296745,0.109042534,0.076410447,0.08420235,16:21:15,pos 1,0.493942559,0.143038126,0.636980685,0.031614398,0.007389617,0.038265514
Leaf: 5,b'AS7262',16,150,0.082095998,0.083876775,0.108031397,0.110675613,0.077431236,0.085145001,16:21:29,pos 2,0.493942559,0.143038126,0.636980685,0.031614398,0.007389617,0.038265514
Leaf: 5,b'AS7262',16,200,0.083239625,0.083502766,0.106924362,0.109690244,0.07680481,0.084528866,16:21:29,pos 2,0.493942559,0.143038126,0.636980685,0.031614398,0.007389617,0.038265514
Leaf: 5,b'AS7262',16,250,0.083644301,0.082081569,0.106304075,0.109067625,0.076373493,0.084062031,16:21:29,pos 2,0.493942559,0.143038126,0.636980685,0.031614398,0.007389617,0.038265514
Leaf: 5,b'AS7262',16,150,0.074600733,0.07491729,0.096613449,0.099175205,0.072727857,0.074243284,16:23:30,pos 1,0.493942559,0.143038126,0.636980685,0.031614398,0.007389617,0.038265514
Leaf: 5,b'AS7262',16,200,0.075682817,0.07442693,0.095625366,0.098296964,0.072160466,0.073816027,16:23:30,pos 1,0.493942559,0.143038126,0.636980685,0.031614398,0.007389617,0.038265514
Leaf: 5,b'AS7262',16,250,0.076064575,0.074092818,0.095252051,0.097839036,0.071789199,0.073538079,16:23:30,pos 1,0.493942559,0.143038126,0.636980685,0.031614398,0.007389617,0.038265514
Leaf: 5,b'AS7262',16,150,0.059281777,0.046675784,0.085781026,0.078495405,0.063742132,0.052331883,16:23:46,pos 2,0.493942559,0.143038126,0.636980685,0.031614398,0.007389617,0.038265514
Leaf: 5,b'AS7262',16,200,0.060102856,0.046339172,0.084948506,0.077831516,0.063210694,0.052107011,16:23:46,pos 2,0.493942559,0.143038126,0.636980685,0.031614398,0.007389617,0.038265514
Leaf: 5,b'AS7262',16,250,0.060370273,0.045768195,0.084470904,0.077314003,0.062799378,0.051820979,16:23:46,pos 2,0.493942559,0.143038126,0.636980685,0.031614398,0.007389617,0.038265514
Leaf: 6,b'AS7262',16,150,0.102880953,0.079172627,0.123548045,0.117115776,0.107787543,0.086494232,16:24:45,pos 1,0.520347676,0.150152649,0.670500324,0.038019229,0.018809191,0.053470849
Leaf: 6,b'AS7262',16,200,0.105074456,0.080161659,0.123456586,0.116723714,0.10816753,0.086039992,16:24:45,pos 1,0.520347676,0.150152649,0.670500324,0.038019229,0.018809191,0.053470849
Leaf: 6,b'AS7262',16,250,0.105757074,0.079468509,0.122925991,0.115936519,0.107951887,0.085314108,16:24:45,pos 1,0.520347676,0.150152649,0.670500324,0.038019229,0.018809191,0.053470849
Leaf: 6,b'AS7262',16,150,0.069087785,0.04293574,0.08197505,0.072076098,0.076219445,0.053573165,16:25:01,pos 2,0.520347676,0.150152649,0.670500324,0.038019229,0.018809191,0.053470849
Leaf: 6,b'AS7262',16,200,0.06999977,0.042624065,0.081243124,0.071456646,0.07560329,0.053402272,16:25:01,pos 2,0.520347676,0.150152649,0.670500324,0.038019229,0.018809191,0.053470849
Leaf: 6,b'AS7262',16,250,0.070300651,0.042646506,0.080767372,0.071015984,0.075128813,0.053073055,16:25:01,pos 2,0.520347676,0.150152649,0.670500324,0.038019229,0.018809191,0.053470849
Leaf: 37,b'AS7262',16,150,0.106974611,0.121127648,0.198252746,0.191983334,0.158970261,0.12207777,10:34:43,pos 1,0.404570559,0.110147964,0.514718523,0.018692175,0.030433253,0.042493311
Leaf: 37,b'AS7262',16,200,0.106825059,0.118098243,0.197856258,0.191230602,0.159994624,0.12105234,10:34:43,pos 1,0.404570559,0.110147964,0.514718523,0.018692175,0.030433253,0.042493311
Leaf: 37,b'AS7262',16,250,0.105348888,0.11746735,0.188769482,0.184945145,0.151138769,0.119573621,10:34:43,pos 1,0.404570559,0.110147964,0.514718523,0.018692175,0.030433253,0.042493311
Leaf: 37,b'AS7262',16,150,0.070483615,0.101197344,0.151702592,0.151637922,0.116003081,0.094391701,10:35:02,pos 2,0.404570559,0.110147964,0.514718523,0.018692175,0.030433253,0.042493311
Leaf: 37,b'AS7262',16,200,0.071644837,0.09872476,0.152916406,0.152009047,0.118588426,0.094755977,10:35:02,pos 2,0.404570559,0.110147964,0.514718523,0.018692175,0.030433253,0.042493311
Leaf: 37,b'AS7262',16,250,0.073326857,0.099614887,0.150973165,0.150230671,0.119098294,0.094877411,10:35:03,pos 2,0.404570559,0.110147964,0.514718523,0.018692175,0.030433253,0.042493311
Leaf: 38,b'AS7262',16,150,0.15242715,0.174502232,0.26283245,0.266328142,0.200920738,0.162698376,10:36:09,pos 1,0.309859459,0.078358486,0.388217946,0.020379405,0.004157285,0.024404872
Leaf: 38,b'AS7262',16,200,0.15429503,0.172977187,0.25966693,0.26371445,0.199144112,0.161785414,10:36:09,pos 1,0.309859459,0.078358486,0.388217946,0.020379405,0.004157285,0.024404872
Leaf: 38,b'AS7262',16,250,0.155035827,0.173498227,0.258323901,0.262315572,0.197893305,0.160827406,10:36:09,pos 1,0.309859459,0.078358486,0.388217946,0.020379405,0.004157285,0.024404872
Leaf: 38,b'AS7262',16,150,0.106446802,0.140210169,0.230591409,0.226118591,0.172556632,0.139113953,10:36:26,pos 2,0.309859459,0.078358486,0.388217946,0.020379405,0.004157285,0.024404872
Leaf: 38,b'AS7262',16,200,0.108109452,0.138169763,0.228176107,0.224053786,0.171216503,0.138201028,10:36:26,pos 2,0.309859459,0.078358486,0.388217946,0.020379405,0.004157285,0.024404872
Leaf: 38,b'AS7262',16,250,0.108698913,0.138601131,0.227136742,0.222971695,0.170307629,0.137491306,10:36:26,pos 2,0.309859459,0.078358486,0.388217946,0.020379405,0.004157285,0.024404872
Leaf: 39,b'AS7262',16,150,0.087562026,0.110123589,0.203168755,0.185156282,0.120542188,0.08856304,10:37:55,pos 1,0.504382703,0.13667373,0.641056432,0.038011898,0.008996352,0.046971452
Leaf: 39,b'AS7262',16,200,0.088042919,0.109259274,0.19768242,0.181923091,0.116524225,0.088090801,10:37:55,pos 1,0.504382703,0.13667373,0.641056432,0.038011898,0.008996352,0.046971452
Leaf: 39,b'AS7262',16,250,0.08708577,0.108960026,0.195503184,0.179813838,0.114815947,0.086900799,10:37:55,pos 1,0.504382703,0.13667373,0.641056432,0.038011898,0.008996352,0.046971452
Leaf: 39,b'AS7262',16,150,0.074870517,0.077676615,0.11996166,0.120053681,0.081610881,0.075340647,10:38:16,pos 2,0.504382703,0.13667373,0.641056432,0.038011898,0.008996352,0.046971452
Leaf: 39,b'AS7262',16,200,0.074952609,0.074239915,0.118872983,0.118550763,0.081241148,0.073667607,10:38:16,pos 2,0.504382703,0.13667373,0.641056432,0.038011898,0.008996352,0.046971452
Leaf: 39,b'AS7262',16,250,0.074776656,0.074132707,0.118431948,0.11793757,0.081093285,0.073073948,10:38:17,pos 2,0.504382703,0.13667373,0.641056432,0.038011898,0.008996352,0.046971452
Leaf: 40,b'AS7262',16,150,0.102740249,0.082945925,0.121425556,0.122008709,0.105199722,0.090218095,10:39:07,pos 1,0.450691315,0.11493045,0.565621766,0.027980757,0.00746292,0.034606467
Leaf: 40,b'AS7262',16,200,0.104397048,0.082667494,0.121251662,0.121412775,0.105063645,0.087686035,10:39:07,pos 1,0.450691315,0.11493045,0.565621766,0.027980757,0.00746292,0.034606467
Leaf: 40,b'AS7262',16,250,0.103272738,0.081602853,0.12075217,0.120628651,0.104550682,0.086361107,10:39:07,pos 1,0.450691315,0.11493045,0.565621766,0.027980757,0.00746292,0.034606467
Leaf: 40,b'AS7262',16,150,0.056149952,0.056266926,0.106506573,0.095641441,0.076897227,0.050982671,10:39:22,pos 2,0.450691315,0.11493045,0.565621766,0.027980757,0.00746292,0.034606467
Leaf: 40,b'AS7262',16,200,0.056856667,0.05588877,0.105369062,0.094697876,0.076180931,0.050676847,10:39:22,pos 2,0.450691315,0.11493045,0.565621766,0.027980757,0.00746292,0.034606467
Leaf: 40,b'AS7262',16,250,0.057083607,0.05569178,0.104796287,0.094138036,0.075671055,0.050309847,10:39:22,pos 2,0.450691315,0.11493045,0.565621766,0.027980757,0.00746292,0.034606467
Leaf: 41,b'AS7262',16,150,0.028960569,0.034607898,0.058224243,0.054689587,0.036425545,0.029718907,10:40:41,pos 1,0.566398486,0.173858162,0.740256649,0.003628698,0.002227065,0.005170234
Leaf: 41,b'AS7262',16,200,0.029330049,0.034632828,0.057602109,0.054190366,0.036114893,0.029588477,10:40:41,pos 1,0.566398486,0.173858162,0.740256649,0.003628698,0.002227065,0.005170234
Leaf: 41,b'AS7262',16,250,0.02947433,0.034597921,0.057404496,0.053953571,0.035928502,0.029607361,10:40:41,pos 1,0.566398486,0.173858162,0.740256649,0.003628698,0.002227065,0.005170234
Leaf: 41,b'AS7262',16,150,0.065439854,0.066755665,0.073070026,0.079488618,0.061688257,0.072174476,10:41:00,pos 2,0.566398486,0.173858162,0.740256649,0.003628698,0.002227065,0.005170234
Leaf: 41,b'AS7262',16,200,0.066304911,0.066161426,0.072322848,0.078741092,0.06117735,0.071792196,10:41:00,pos 2,0.566398486,0.173858162,0.740256649,0.003628698,0.002227065,0.005170234
Leaf: 41,b'AS7262',16,250,0.066598721,0.065834787,0.071984326,0.07829883,0.060821515,0.071390124,10:41:00,pos 2,0.566398486,0.173858162,0.740256649,0.003628698,0.002227065,0.005170234
Leaf: 42,b'AS7262',16,150,0.084969759,0.078823564,0.135149044,0.12082735,0.104357576,0.071508853,10:41:55,pos 1,0.587108432,0.181835892,0.768944324,0.041934658,0.032508721,0.068618862
Leaf: 42,b'AS7262',16,200,0.08609874,0.077531161,0.133795015,0.119726949,0.103492398,0.071009641,10:41:55,pos 1,0.587108432,0.181835892,0.768944324,0.041934658,0.032508721,0.068618862
Leaf: 42,b'AS7262',16,250,0.086522781,0.0778927,0.133143591,0.119110587,0.102911639,0.070764081,10:41:55,pos 1,0.587108432,0.181835892,0.768944324,0.041934658,0.032508721,0.068618862
Leaf: 42,b'AS7262',16,150,0.089919679,0.080253081,0.121010743,0.118014905,0.091921363,0.085972529,10:42:12,pos 2,0.587108432,0.181835892,0.768944324,0.041934658,0.032508721,0.068618862
Leaf: 42,b'AS7262',16,200,0.091148338,0.079837531,0.120089769,0.117115776,0.091261554,0.085527286,10:42:12,pos 2,0.587108432,0.181835892,0.768944324,0.041934658,0.032508721,0.068618862
Leaf: 42,b'AS7262',16,250,0.091618115,0.07936877,0.11948594,0.116488542,0.090797863,0.085044262,10:42:12,pos 2,0.587108432,0.181835892,0.768944324,0.041934658,0.032508721,0.068618862
Leaf: 49,b'AS7262',16,150,0.105367686,0.136154277,0.201034049,0.205449247,0.162852096,0.149440011,10:28:09,pos 1,0.280464829,0.093831856,0.374296685,0.020096675,0.03779882,0.057555785
Leaf: 49,b'AS7262',16,200,0.106965835,0.135190247,0.199997127,0.204607675,0.162559362,0.149183606,10:28:09,pos 1,0.280464829,0.093831856,0.374296685,0.020096675,0.03779882,0.057555785
Leaf: 49,b'AS7262',16,250,0.108164007,0.13345487,0.199170066,0.203368759,0.162901327,0.148619686,10:28:09,pos 1,0.280464829,0.093831856,0.374296685,0.020096675,0.03779882,0.057555785
Leaf: 49,b'AS7262',16,150,0.074671114,0.131915608,0.205218166,0.204037878,0.127515089,0.10493362,10:28:25,pos 2,0.280464829,0.093831856,0.374296685,0.020096675,0.03779882,0.057555785
Leaf: 49,b'AS7262',16,200,0.074398424,0.131288065,0.201360347,0.200898809,0.124688412,0.10260846,10:28:25,pos 2,0.280464829,0.093831856,0.374296685,0.020096675,0.03779882,0.057555785
Leaf: 49,b'AS7262',16,250,0.072074157,0.129246024,0.198708941,0.197948959,0.121914175,0.098039981,10:28:25,pos 2,0.280464829,0.093831856,0.374296685,0.020096675,0.03779882,0.057555785
Leaf: 50,b'AS7262',16,150,0.102118542,0.13213168,0.216111595,0.211910428,0.180422953,0.141902341,10:29:24,pos 1,0.281640613,0.056949694,0.338590306,0.005416409,0.00533268,0.00638559
Leaf: 50,b'AS7262',16,200,0.102945479,0.13151245,0.213958509,0.210057295,0.179349818,0.140966892,10:29:24,pos 1,0.281640613,0.056949694,0.338590306,0.005416409,0.00533268,0.00638559
Leaf: 50,b'AS7262',16,250,0.103026434,0.129834471,0.214357429,0.209854967,0.180147767,0.140535107,10:29:24,pos 1,0.281640613,0.056949694,0.338590306,0.005416409,0.00533268,0.00638559
Leaf: 50,b'AS7262',16,150,0.099373803,0.131400301,0.206706385,0.212610858,0.150272008,0.136199632,10:29:42,pos 2,0.281640613,0.056949694,0.338590306,0.005416409,0.00533268,0.00638559
Leaf: 50,b'AS7262',16,200,0.100262316,0.131013838,0.204105028,0.210582618,0.148826598,0.134989821,10:29:42,pos 2,0.281640613,0.056949694,0.338590306,0.005416409,0.00533268,0.00638559
Leaf: 50,b'AS7262',16,250,0.100830642,0.13144016,0.201592709,0.208638007,0.146961219,0.133940131,10:29:42,pos 2,0.281640613,0.056949694,0.338590306,0.005416409,0.00533268,0.00638559
Leaf: 51,b'AS7262',16,150,0.028127757,0.044265521,0.086598346,0.087141613,0.056040093,0.042635477,10:31:06,pos 1,0.434622919,0.085213838,0.519836757,0.030652746,0.011846123,0.041738959
Leaf: 51,b'AS7262',16,200,0.038206484,0.059055332,0.083301664,0.083947659,0.054060661,0.041070368,10:31:06,pos 1,0.434622919,0.085213838,0.519836757,0.030652746,0.011846123,0.041738959
Leaf: 51,b'AS7262',16,250,0.037229991,0.056828762,0.074912008,0.075438411,0.048602991,0.036990314,10:31:06,pos 1,0.434622919,0.085213838,0.519836757,0.030652746,0.011846123,0.041738959
Leaf: 51,b'AS7262',16,150,0.098235988,0.111536493,0.153434812,0.153718411,0.123088949,0.113802517,10:31:40,pos 2,0.434622919,0.085213838,0.519836757,0.030652746,0.011846123,0.041738959
Leaf: 51,b'AS7262',16,200,0.09921545,0.110456065,0.151452565,0.152142389,0.121584528,0.11301097,10:31:40,pos 2,0.434622919,0.085213838,0.519836757,0.030652746,0.011846123,0.041738959
Leaf: 51,b'AS7262',16,250,0.100204293,0.109299107,0.151478138,0.151943165,0.121636864,0.112762712,10:31:40,pos 2,0.434622919,0.085213838,0.519836757,0.030652746,0.011846123,0.041738959
Leaf: 52,b'AS7262',16,150,0.104745979,0.126130991,0.14771361,0.157931716,0.11022144,0.09507529,10:34:41,pos 1,0.567577369,0.169699748,0.737277117,0.034678622,0.051414598,0.080811035
Leaf: 52,b'AS7262',16,200,0.106130098,0.124992402,0.146338284,0.156729474,0.109507659,0.094648038,10:34:41,pos 1,0.567577369,0.169699748,0.737277117,0.034678622,0.051414598,0.080811035
Leaf: 52,b'AS7262',16,250,0.106664947,0.124448812,0.145732591,0.156051942,0.109011672,0.094370104,10:34:41,pos 1,0.567577369,0.169699748,0.737277117,0.034678622,0.051414598,0.080811035
Leaf: 52,b'AS7262',16,150,0.073369115,0.071941866,0.11001978,0.105197222,0.088686494,0.063215633,10:34:57,pos 2,0.567577369,0.169699748,0.737277117,0.034678622,0.051414598,0.080811035
Leaf: 52,b'AS7262',16,200,0.074310447,0.072531971,0.109733098,0.104938453,0.0884503,0.063197639,10:34:57,pos 2,0.567577369,0.169699748,0.737277117,0.034678622,0.051414598,0.080811035
Leaf: 52,b'AS7262',16,250,0.074621853,0.07231754,0.109378157,0.104588775,0.088136051,0.062960172,10:34:58,pos 2,0.567577369,0.169699748,0.737277117,0.034678622,0.051414598,0.080811035
Leaf: 53,b'AS7262',16,150,0.054026882,0.058544198,0.095527771,0.088019821,0.06723373,0.049813349,10:40:05,pos 1,0.555639063,0.192062847,0.74770191,0.038064306,0.031230479,0.0675479
Leaf: 53,b'AS7262',16,200,0.053724841,0.057260105,0.093530226,0.086307831,0.065998828,0.04893634,10:40:05,pos 1,0.555639063,0.192062847,0.74770191,0.038064306,0.031230479,0.0675479
Leaf: 53,b'AS7262',16,250,0.053431012,0.056469713,0.092419526,0.085268091,0.065190131,0.048420936,10:40:05,pos 1,0.555639063,0.192062847,0.74770191,0.038064306,0.031230479,0.0675479
Leaf: 53,b'AS7262',16,150,0.06234322,0.07287273,0.104140027,0.099290199,0.078437643,0.055893841,10:40:23,pos 2,0.555639063,0.192062847,0.74770191,0.038064306,0.031230479,0.0675479
Leaf: 53,b'AS7262',16,200,0.063049932,0.072631704,0.103292247,0.098579249,0.077937018,0.055749922,10:40:23,pos 2,0.555639063,0.192062847,0.74770191,0.038064306,0.031230479,0.0675479
Leaf: 53,b'AS7262',16,250,0.063269873,0.07211807,0.102534705,0.097839036,0.077384006,0.055415307,10:40:23,pos 2,0.555639063,0.192062847,0.74770191,0.038064306,0.031230479,0.0675479
Leaf: 54,b'AS7262',16,150,0.02694306,0.041921767,0.081011351,0.072138828,0.039814441,0.027973908,10:41:17,pos 1,0.766883928,0.250953441,1.017837369,0.04654656,0.032982153,0.075411168
Leaf: 54,b'AS7262',16,200,0.02764098,0.042437061,0.080703325,0.071950644,0.039750256,0.027915442,10:41:17,pos 1,0.766883928,0.250953441,1.017837369,0.04654656,0.032982153,0.075411168
Leaf: 54,b'AS7262',16,250,0.028017503,0.042626562,0.081352908,0.072552835,0.040044481,0.028355285,10:41:17,pos 1,0.766883928,0.250953441,1.017837369,0.04654656,0.032982153,0.075411168
Leaf: 54,b'AS7262',16,150,0.06302354,0.043999568,0.033302363,0.03527484,0.03437166,0.037166615,10:41:35,pos 2,0.766883928,0.250953441,1.017837369,0.04654656,0.032982153,0.075411168
Leaf: 54,b'AS7262',16,200,0.105936593,0.073915787,0.093877902,0.099810364,0.096221656,0.105037058,10:41:35,pos 2,0.766883928,0.250953441,1.017837369,0.04654656,0.032982153,0.075411168
Leaf: 54,b'AS7262',16,250,0.107044992,0.073504378,0.093605259,0.099407284,0.09596748,0.104656583,10:41:35,pos 2,0.766883928,0.250953441,1.017837369,0.04654656,0.032982153,0.075411168
Leaf: 13,b'AS7262',16,150,0.092054499,0.157248212,0.254147027,0.254765036,0.207801202,0.145266405,11:05:04,pos 1,0.200658198,0.049352577,0.250010775,0.020647568,0.025832207,0.046368082
Leaf: 13,b'AS7262',16,200,0.093462044,0.155710639,0.250673479,0.251858577,0.205506012,0.144151067,11:05:04,pos 1,0.200658198,0.049352577,0.250010775,0.020647568,0.025832207,0.046368082
Leaf: 13,b'AS7262',16,250,0.092406403,0.152972912,0.244819981,0.246463885,0.200616707,0.141452634,11:05:04,pos 1,0.200658198,0.049352577,0.250010775,0.020647568,0.025832207,0.046368082
Leaf: 13,b'AS7262',16,150,0.078377686,0.143867064,0.247986689,0.248659432,0.195026027,0.12062061,11:05:25,pos 2,0.200658198,0.049352577,0.250010775,0.020647568,0.025832207,0.046368082
Leaf: 13,b'AS7262',16,200,0.075119784,0.138169763,0.230381031,0.232843775,0.179195765,0.113186382,11:05:26,pos 2,0.200658198,0.049352577,0.250010775,0.020647568,0.025832207,0.046368082
Leaf: 13,b'AS7262',16,250,0.072601985,0.133744028,0.226287724,0.228435438,0.175452611,0.110571625,11:05:26,pos 2,0.200658198,0.049352577,0.250010775,0.020647568,0.025832207,0.046368082
Leaf: 14,b'AS7262',16,150,0.127970708,0.156300694,0.291914135,0.278957656,0.236524739,0.150609333,11:10:56,pos 1,0.236618883,0.043617586,0.280236468,0.009269824,0.008400208,0.014367232
Leaf: 14,b'AS7262',16,200,0.128395962,0.15462599,0.287187124,0.275460545,0.232101152,0.149089224,11:10:56,pos 1,0.236618883,0.043617586,0.280236468,0.009269824,0.008400208,0.014367232
Leaf: 14,b'AS7262',16,250,0.129439288,0.154578601,0.289196203,0.27702564,0.233464416,0.149612718,11:10:56,pos 1,0.236618883,0.043617586,0.280236468,0.009269824,0.008400208,0.014367232
Leaf: 14,b'AS7262',16,150,0.119196981,0.141855731,0.294097707,0.268157819,0.245746663,0.162770336,11:11:15,pos 2,0.236618883,0.043617586,0.280236468,0.009269824,0.008400208,0.014367232
Leaf: 14,b'AS7262',16,200,0.121331762,0.142109326,0.290828402,0.265659077,0.243708125,0.1617179,11:11:15,pos 2,0.236618883,0.043617586,0.280236468,0.009269824,0.008400208,0.014367232
Leaf: 14,b'AS7262',16,250,0.122028521,0.141084507,0.289101112,0.264059464,0.242688404,0.160892219,11:11:15,pos 2,0.236618883,0.043617586,0.280236468,0.009269824,0.008400208,0.014367232
Leaf: 15,b'AS7262',16,150,0.043622665,0.074983785,0.172293988,0.143033523,0.078745718,0.049345602,11:13:07,pos 1,0.358963459,0.080317405,0.439280865,0.02117249,0.011220396,0.032111358
Leaf: 15,b'AS7262',16,200,0.044408547,0.074364589,0.170839255,0.141776271,0.078121866,0.049111738,11:13:08,pos 1,0.358963459,0.080317405,0.439280865,0.02117249,0.011220396,0.032111358
Leaf: 15,b'AS7262',16,250,0.044528189,0.07339468,0.169629766,0.14078361,0.077562711,0.048593639,11:13:08,pos 1,0.358963459,0.080317405,0.439280865,0.02117249,0.011220396,0.032111358
Leaf: 15,b'AS7262',16,150,0.061217174,0.074468478,0.136625047,0.124789736,0.094540042,0.070105649,11:13:27,pos 2,0.358963459,0.080317405,0.439280865,0.02117249,0.011220396,0.032111358
Leaf: 15,b'AS7262',16,200,0.061571999,0.07404045,0.135048368,0.123239743,0.093602988,0.069066757,11:13:27,pos 2,0.358963459,0.080317405,0.439280865,0.02117249,0.011220396,0.032111358
Leaf: 15,b'AS7262',16,250,0.061974933,0.073614085,0.134321994,0.122566973,0.093108518,0.068637708,11:13:27,pos 2,0.358963459,0.080317405,0.439280865,0.02117249,0.011220396,0.032111358
Leaf: 16,b'AS7262',16,150,0.0708355,0.082114796,0.141516733,0.134167804,0.101133002,0.072966014,11:14:22,pos 1,0.484175712,0.118434306,0.602610018,0.052176229,0.0060293,0.055510627
Leaf: 16,b'AS7262',16,200,0.071803237,0.081271208,0.140290757,0.133096141,0.100357641,0.072628706,11:14:22,pos 1,0.484175712,0.118434306,0.602610018,0.052176229,0.0060293,0.055510627
Leaf: 16,b'AS7262',16,250,0.072165658,0.081283708,0.139642999,0.132428051,0.099787684,0.072221245,11:14:22,pos 1,0.484175712,0.118434306,0.602610018,0.052176229,0.0060293,0.055510627
Leaf: 16,b'AS7262',16,150,0.088254075,0.11348133,0.170891175,0.168972072,0.118303378,0.098205491,11:14:48,pos 2,0.484175712,0.118434306,0.602610018,0.052176229,0.0060293,0.055510627
Leaf: 16,b'AS7262',16,200,0.089573688,0.11181494,0.169503522,0.167652198,0.117402273,0.097683792,11:14:48,pos 2,0.484175712,0.118434306,0.602610018,0.052176229,0.0060293,0.055510627
Leaf: 16,b'AS7262',16,250,0.09000649,0.112221326,0.16856118,0.16669087,0.116750685,0.097003784,11:14:48,pos 2,0.484175712,0.118434306,0.602610018,0.052176229,0.0060293,0.055510627
Leaf: 17,b'AS7262',16,150,0.083702961,0.105103619,0.161925101,0.155140289,0.099890396,0.084749232,11:16:33,pos 1,0.505510018,0.203758775,0.709268793,0.047439139,0.076413721,0.121055867
Leaf: 17,b'AS7262',16,200,0.084673571,0.103337521,0.16040945,0.153788968,0.098925049,0.084110597,11:16:33,pos 1,0.505510018,0.203758775,0.709268793,0.047439139,0.076413721,0.121055867
Leaf: 17,b'AS7262',16,250,0.085101122,0.103753875,0.159485399,0.152896659,0.098315089,0.083425196,11:16:33,pos 1,0.505510018,0.203758775,0.709268793,0.047439139,0.076413721,0.121055867
Leaf: 17,b'AS7262',16,150,0.093063234,0.104488576,0.141504517,0.140451196,0.110796489,0.093887983,11:16:54,pos 2,0.505510018,0.203758775,0.709268793,0.047439139,0.076413721,0.121055867
Leaf: 17,b'AS7262',16,200,0.094561709,0.104384687,0.140409704,0.139220108,0.110285584,0.09331231,11:16:54,pos 2,0.505510018,0.203758775,0.709268793,0.047439139,0.076413721,0.121055867
Leaf: 17,b'AS7262',16,250,0.095059641,0.103883542,0.138808641,0.137797731,0.109295111,0.092675478,11:16:54,pos 2,0.505510018,0.203758775,0.709268793,0.047439139,0.076413721,0.121055867
Leaf: 18,b'AS7262',16,150,0.096112956,0.095778431,0.102590802,0.116885766,0.090668503,0.11621312,11:18:00,pos 1,0.610620757,0.159324973,0.76994573,0.034019886,0.024635275,0.053943554
Leaf: 18,b'AS7262',16,200,0.097658353,0.094274105,0.102240055,0.116433629,0.090691612,0.115898331,11:18:00,pos 1,0.610620757,0.159324973,0.76994573,0.034019886,0.024635275,0.053943554
Leaf: 18,b'AS7262',16,250,0.100429477,0.094827644,0.10282744,0.116645334,0.09116759,0.116195172,11:18:00,pos 1,0.610620757,0.159324973,0.76994573,0.034019886,0.024635275,0.053943554
Leaf: 18,b'AS7262',16,150,0.082600375,0.07928899,0.124341021,0.118098545,0.095659405,0.076078229,11:18:17,pos 2,0.610620757,0.159324973,0.76994573,0.034019886,0.024635275,0.053943554
Leaf: 18,b'AS7262',16,200,0.083908258,0.078416314,0.123310235,0.11713934,0.095243486,0.075785889,11:18:17,pos 2,0.610620757,0.159324973,0.76994573,0.034019886,0.024635275,0.053943554
Leaf: 18,b'AS7262',16,250,0.084383271,0.078381401,0.122582013,0.116432052,0.09466121,0.075394617,11:18:17,pos 2,0.610620757,0.159324973,0.76994573,0.034019886,0.024635275,0.053943554
Leaf: 55,b'AS7262',16,150,0.038203549,0.066805546,0.163754943,0.141747506,0.092465637,0.054886424,10:05:41,pos 1,0.297936757,0.086565405,0.384502162,0.01237267,0.022903482,0.033479001
Leaf: 55,b'AS7262',16,200,0.043528822,0.075711003,0.175441265,0.151907071,0.09914077,0.058988053,10:05:41,pos 1,0.297936757,0.086565405,0.384502162,0.01237267,0.022903482,0.033479001
Leaf: 55,b'AS7262',16,250,0.045182708,0.077862787,0.182401815,0.157808379,0.10318895,0.061297931,10:05:41,pos 1,0.297936757,0.086565405,0.384502162,0.01237267,0.022903482,0.033479001
Leaf: 55,b'AS7262',16,150,0.076195975,0.095628827,0.164169646,0.157503115,0.125481786,0.091585292,10:06:01,pos 2,0.297936757,0.086565405,0.384502162,0.01237267,0.022903482,0.033479001
Leaf: 55,b'AS7262',16,200,0.052264495,0.064253996,0.091920034,0.088377918,0.070758693,0.051418907,10:06:01,pos 2,0.297936757,0.086565405,0.384502162,0.01237267,0.022903482,0.033479001
Leaf: 55,b'AS7262',16,250,0.0425013,0.051921819,0.090201791,0.086748517,0.069404698,0.050471759,10:06:01,pos 2,0.297936757,0.086565405,0.384502162,0.01237267,0.022903482,0.033479001
Leaf: 56,b'AS7262',16,150,0.081755834,0.144698287,0.296281279,0.271545126,0.179385823,0.119037515,10:07:29,pos 1,0.260868541,0.064492541,0.325361081,0.020622098,0.010232617,0.019479927
Leaf: 56,b'AS7262',16,200,0.082500641,0.143343497,0.293088217,0.269062175,0.177948098,0.117949127,10:07:29,pos 1,0.260868541,0.064492541,0.325361081,0.020622098,0.010232617,0.019479927
Leaf: 56,b'AS7262',16,250,0.083327616,0.142630387,0.292526503,0.268406615,0.177411985,0.117727874,10:07:29,pos 1,0.260868541,0.064492541,0.325361081,0.020622098,0.010232617,0.019479927
Leaf: 56,b'AS7262',16,150,0.082518255,0.116589717,0.206999142,0.196593928,0.145661097,0.111985558,10:07:49,pos 2,0.260868541,0.064492541,0.325361081,0.020622098,0.010232617,0.019479927
Leaf: 56,b'AS7262',16,200,0.082465465,0.11567964,0.204672273,0.19450824,0.144205396,0.110622839,10:07:49,pos 2,0.260868541,0.064492541,0.325361081,0.020622098,0.010232617,0.019479927
Leaf: 56,b'AS7262',16,250,0.082588645,0.114575035,0.203195654,0.193030934,0.143295022,0.10974046,10:07:49,pos 2,0.260868541,0.064492541,0.325361081,0.020622098,0.010232617,0.019479927
Leaf: 57,b'AS7262',16,150,0.094787508,0.137484045,0.195581281,0.199573653,0.121569104,0.099896534,10:09:26,pos 1,0.462224216,0.119780757,0.582004973,0.022117601,0.0289254,0.041840908
Leaf: 57,b'AS7262',16,200,0.096435535,0.136549122,0.193748357,0.197793678,0.120583222,0.099424286,10:09:26,pos 1,0.462224216,0.119780757,0.582004973,0.022117601,0.0289254,0.041840908
Leaf: 57,b'AS7262',16,250,0.096917627,0.13602796,0.192897557,0.196888791,0.120139572,0.099054607,10:09:26,pos 1,0.462224216,0.119780757,0.582004973,0.022117601,0.0289254,0.041840908
Leaf: 57,b'AS7262',16,150,0.07509338,0.10513686,0.172196366,0.1618837,0.107602669,0.080071927,10:09:55,pos 2,0.462224216,0.119780757,0.582004973,0.022117601,0.0289254,0.041840908
Leaf: 57,b'AS7262',16,200,0.075770793,0.104160301,0.17050074,0.160524552,0.106634815,0.079523236,10:09:55,pos 2,0.462224216,0.119780757,0.582004973,0.022117601,0.0289254,0.041840908
Leaf: 57,b'AS7262',16,250,0.076078674,0.104382195,0.169329701,0.159753007,0.106047913,0.079604198,10:09:55,pos 2,0.462224216,0.119780757,0.582004973,0.022117601,0.0289254,0.041840908
Leaf: 58,b'AS7262',16,150,0.088300986,0.108876904,0.165572459,0.154826639,0.105980174,0.084983097,10:11:16,pos 1,0.495526703,0.182175568,0.67770227,0.030919654,0.049357616,0.077580116
Leaf: 58,b'AS7262',16,200,0.090550129,0.109620723,0.165770703,0.155051448,0.10654243,0.085675693,10:11:16,pos 1,0.495526703,0.182175568,0.67770227,0.030919654,0.049357616,0.077580116
Leaf: 58,b'AS7262',16,250,0.092434544,0.110246571,0.166189781,0.15539331,0.107157032,0.085961734,10:11:16,pos 1,0.495526703,0.182175568,0.67770227,0.030919654,0.049357616,0.077580116
Leaf: 58,b'AS7262',16,150,0.075855801,0.082447245,0.107287288,0.109107365,0.081117942,0.085270935,10:11:38,pos 2,0.495526703,0.182175568,0.67770227,0.030919654,0.049357616,0.077580116
Leaf: 58,b'AS7262',16,200,0.076483378,0.081907014,0.10641201,0.108553224,0.079947212,0.085297918,10:11:38,pos 2,0.495526703,0.182175568,0.67770227,0.030919654,0.049357616,0.077580116
Leaf: 58,b'AS7262',16,250,0.076859884,0.082390745,0.106296745,0.108390142,0.07990413,0.085065855,10:11:38,pos 2,0.495526703,0.182175568,0.67770227,0.030919654,0.049357616,0.077580116
Leaf: 59,b'AS7262',16,150,0.045956859,0.08957827,0.101590508,0.108459156,0.056810291,0.052026059,10:14:02,pos 1,0.587972829,0.168094126,0.756066955,0.014492909,0.018905914,0.020098258
Leaf: 59,b'AS7262',16,200,0.045279474,0.087629283,0.0990654,0.105902966,0.055462434,0.050892712,10:14:02,pos 1,0.587972829,0.168094126,0.756066955,0.014492909,0.018905914,0.020098258
Leaf: 59,b'AS7262',16,250,0.044746364,0.086360192,0.097250218,0.103854802,0.054351798,0.049996836,10:14:02,pos 1,0.587972829,0.168094126,0.756066955,0.014492909,0.018905914,0.020098258
Leaf: 59,b'AS7262',16,150,0.051176572,0.055070108,0.115960572,0.103200331,0.075531399,0.051414411,10:14:22,pos 2,0.587972829,0.168094126,0.756066955,0.014492909,0.018905914,0.020098258
Leaf: 59,b'AS7262',16,200,0.058281823,0.061872835,0.076156289,0.0678497,0.049878452,0.03393298,10:14:22,pos 2,0.587972829,0.168094126,0.756066955,0.014492909,0.018905914,0.020098258
Leaf: 59,b'AS7262',16,250,0.04024921,0.04194836,0.118636923,0.10510316,0.077119013,0.052090825,10:14:22,pos 2,0.587972829,0.168094126,0.756066955,0.014492909,0.018905914,0.020098258
Leaf: 60,b'AS7262',16,150,0.081755834,0.094332287,0.131904172,0.134732265,0.086170497,0.073163908,10:15:35,pos 1,0.657960973,0.244510486,0.902471459,0.01491542,0.053360922,0.050035779
Leaf: 60,b'AS7262',16,200,0.082738169,0.093812823,0.131333873,0.134138985,0.085785362,0.073114434,10:15:35,pos 1,0.657960973,0.244510486,0.902471459,0.01491542,0.053360922,0.050035779
Leaf: 60,b'AS7262',16,250,0.083137593,0.094009847,0.131086851,0.133870839,0.085542019,0.072868871,10:15:35,pos 1,0.657960973,0.244510486,0.902471459,0.01491542,0.053360922,0.050035779
Leaf: 60,b'AS7262',16,150,0.064536671,0.088231848,0.159704989,0.141590735,0.078006325,0.052313898,10:15:55,pos 2,0.657960973,0.244510486,0.902471459,0.01491542,0.053360922,0.050035779
Leaf: 60,b'AS7262',16,200,0.064941346,0.086582076,0.158634499,0.140772592,0.077382474,0.052417341,10:15:55,pos 2,0.657960973,0.244510486,0.902471459,0.01491542,0.053360922,0.050035779
Leaf: 60,b'AS7262',16,250,0.065346022,0.087098162,0.158672965,0.140520145,0.077266954,0.052015275,10:15:56,pos 2,0.657960973,0.244510486,0.902471459,0.01491542,0.053360922,0.050035779
Leaf: 7,b'AS7262',16,150,0.086107545,0.124435507,0.247157174,0.231021926,0.176017446,0.124236524,10:17:53,pos 1,0.262203135,0.052439568,0.314642703,0.02281476,0.008779021,0.030194134
Leaf: 7,b'AS7262',16,200,0.087251205,0.124007436,0.244214304,0.228609505,0.174428248,0.123089674,10:17:53,pos 1,0.262203135,0.052439568,0.314642703,0.02281476,0.008779021,0.030194134
Leaf: 7,b'AS7262',16,250,0.087592535,0.122703406,0.242682743,0.227293753,0.173166654,0.12260662,10:17:53,pos 1,0.262203135,0.052439568,0.314642703,0.02281476,0.008779021,0.030194134
Leaf: 7,b'AS7262',16,150,0.107854324,0.136137664,0.246547226,0.231429724,0.197675541,0.144133072,10:18:14,pos 2,0.262203135,0.052439568,0.314642703,0.02281476,0.008779021,0.030194134
Leaf: 7,b'AS7262',16,200,0.109402693,0.133793889,0.243848302,0.229534772,0.196171146,0.14255898,10:18:14,pos 2,0.262203135,0.052439568,0.314642703,0.02281476,0.008779021,0.030194134
Leaf: 7,b'AS7262',16,250,0.109656047,0.133145694,0.242258201,0.228266035,0.19503428,0.141787172,10:18:14,pos 2,0.262203135,0.052439568,0.314642703,0.02281476,0.008779021,0.030194134
Leaf: 8,b'AS7262',16,150,0.105813394,0.145662284,0.24964572,0.23499482,0.194471508,0.138466335,10:19:14,pos 1,0.272906811,0.052044973,0.324951784,0.012909445,0.005140561,0.01477129
Leaf: 8,b'AS7262',16,200,0.107722372,0.146023867,0.247151065,0.232804528,0.193406085,0.137216042,10:19:14,pos 1,0.272906811,0.052044973,0.324951784,0.012909445,0.005140561,0.01477129
Leaf: 8,b'AS7262',16,250,0.108551073,0.144295966,0.2452957,0.231139065,0.192267734,0.136401164,10:19:14,pos 1,0.272906811,0.052044973,0.324951784,0.012909445,0.005140561,0.01477129
Leaf: 8,b'AS7262',16,150,0.109918753,0.142819863,0.235117149,0.238674975,0.189850281,0.158254935,10:19:30,pos 2,0.272906811,0.052044973,0.324951784,0.012909445,0.005140561,0.01477129
Leaf: 8,b'AS7262',16,200,0.1114788,0.140438742,0.231991223,0.236309521,0.187922234,0.157427463,10:19:30,pos 2,0.272906811,0.052044973,0.324951784,0.012909445,0.005140561,0.01477129
Leaf: 8,b'AS7262',16,250,0.111999621,0.13980793,0.229771623,0.234564118,0.186438822,0.156661056,10:19:30,pos 2,0.272906811,0.052044973,0.324951784,0.012909445,0.005140561,0.01477129
Leaf: 9,b'AS7262',16,150,0.084899379,0.079455207,0.142077924,0.128365232,0.112870955,0.083148152,10:20:53,pos 1,0.476071243,0.106294703,0.582365946,0.018772392,0.008680506,0.023582461
Leaf: 9,b'AS7262',16,200,0.088905055,0.081420812,0.142889088,0.129081426,0.114544827,0.083665364,10:20:53,pos 1,0.476071243,0.106294703,0.582365946,0.018772392,0.008680506,0.023582461
Leaf: 9,b'AS7262',16,250,0.089654586,0.080645371,0.142065708,0.128620377,0.11362673,0.083878537,10:20:53,pos 1,0.476071243,0.106294703,0.582365946,0.018772392,0.008680506,0.023582461
Leaf: 9,b'AS7262',16,150,0.094529444,0.096110879,0.143834468,0.132745926,0.120388161,0.096460491,10:21:10,pos 2,0.476071243,0.106294703,0.582365946,0.018772392,0.008680506,0.023582461
Leaf: 9,b'AS7262',16,200,0.095898903,0.094236704,0.142276113,0.13144948,0.119381671,0.095646471,10:21:11,pos 2,0.476071243,0.106294703,0.582365946,0.018772392,0.008680506,0.023582461
Leaf: 9,b'AS7262',16,250,0.096410862,0.094538404,0.141560669,0.130746889,0.118710121,0.095222807,10:21:11,pos 2,0.476071243,0.106294703,0.582365946,0.018772392,0.008680506,0.023582461
Leaf: 10,b'AS7262',16,150,0.062214188,0.112483971,0.100248646,0.111574742,0.061462334,0.102343108,10:21:55,pos 1,0.545181441,0.130060036,0.675241477,0.018557504,0.010079149,0.027682733
Leaf: 10,b'AS7262',16,200,0.063357842,0.112525579,0.099467969,0.11118008,0.061084934,0.101879875,10:21:55,pos 1,0.545181441,0.130060036,0.675241477,0.018557504,0.010079149,0.027682733
Leaf: 10,b'AS7262',16,250,0.063488036,0.113727333,0.09891167,0.110987161,0.060082122,0.101234947,10:21:55,pos 1,0.545181441,0.130060036,0.675241477,0.018557504,0.010079149,0.027682733
Leaf: 10,b'AS7262',16,150,0.098576191,0.092354208,0.148884749,0.135610483,0.120850242,0.0997706,10:22:08,pos 2,0.545181441,0.130060036,0.675241477,0.018557504,0.010079149,0.027682733
Leaf: 10,b'AS7262',16,200,0.100209516,0.091818141,0.147573395,0.134546729,0.120213526,0.098709204,10:22:08,pos 2,0.545181441,0.130060036,0.675241477,0.018557504,0.010079149,0.027682733
Leaf: 10,b'AS7262',16,250,0.1006195,0.090479162,0.146742669,0.133613679,0.119529612,0.098191102,10:22:08,pos 2,0.545181441,0.130060036,0.675241477,0.018557504,0.010079149,0.027682733
Leaf: 11,b'AS7262',16,150,0.084653074,0.09832167,0.146969501,0.143368083,0.109338234,0.096100711,10:23:09,pos 1,0.454935243,0.109651243,0.564586486,0.026993509,0.01663345,0.043107199
Leaf: 11,b'AS7262',16,200,0.085782012,0.099036428,0.145377634,0.142003707,0.10833698,0.095781389,10:23:09,pos 1,0.454935243,0.109651243,0.564586486,0.026993509,0.01663345,0.043107199
Leaf: 11,b'AS7262',16,250,0.086360899,0.098607533,0.144781086,0.141429761,0.107834772,0.095341543,10:23:09,pos 1,0.454935243,0.109651243,0.564586486,0.026993509,0.01663345,0.043107199
Leaf: 11,b'AS7262',16,150,0.084207338,0.073487759,0.131123523,0.120043172,0.108023793,0.078542806,10:23:49,pos 2,0.454935243,0.109651243,0.564586486,0.026993509,0.01663345,0.043107199
Leaf: 11,b'AS7262',16,200,0.085368532,0.07250703,0.129494951,0.118809484,0.107066101,0.07786369,10:23:50,pos 2,0.454935243,0.109651243,0.564586486,0.026993509,0.01663345,0.043107199
Leaf: 11,b'AS7262',16,250,0.08576269,0.07165929,0.128795949,0.118088122,0.10641764,0.077391473,10:23:50,pos 2,0.454935243,0.109651243,0.564586486,0.026993509,0.01663345,0.043107199
Leaf: 12,b'AS7262',16,150,0.078530178,0.085871467,0.123901885,0.107570482,0.092691561,0.081583062,10:24:32,pos 1,0.678048613,0.194506883,0.872555495,0.048860213,0.014635869,0.062455229
Leaf: 12,b'AS7262',16,200,0.079474421,0.085086057,0.122349584,0.106404724,0.091754508,0.080872467,10:24:32,pos 1,0.678048613,0.194506883,0.872555495,0.048860213,0.014635869,0.062455229
Leaf: 12,b'AS7262',16,250,0.079794645,0.083896752,0.121696345,0.105818281,0.091179908,0.080532461,10:24:32,pos 1,0.678048613,0.194506883,0.872555495,0.048860213,0.014635869,0.062455229
Leaf: 12,b'AS7262',16,150,0.080019849,0.081699239,0.092539094,0.098223812,0.078478713,0.086656136,10:24:46,pos 2,0.678048613,0.194506883,0.872555495,0.048860213,0.014635869,0.062455229
Leaf: 12,b'AS7262',16,200,0.081101871,0.080386065,0.091563195,0.09737958,0.077798363,0.086228893,10:24:46,pos 2,0.678048613,0.194506883,0.872555495,0.048860213,0.014635869,0.062455229
Leaf: 12,b'AS7262',16,250,0.081483672,0.080775023,0.091065469,0.096835422,0.077347052,0.085832206,10:24:46,pos 2,0.678048613,0.194506883,0.872555495,0.048860213,0.014635869,0.062455229
Leaf: 25,b'AS7262',16,150,0.108440831,0.105352946,0.195910578,0.182323035,0.154934399,0.11446814,10:35:04,pos 1,0.31806573,0.075671351,0.393737081,0.005835021,0.005752923,0.002895491
Leaf: 25,b'AS7262',16,200,0.109974502,0.104060518,0.194846279,0.181476181,0.154680223,0.113860983,10:35:04,pos 1,0.31806573,0.075671351,0.393737081,0.005835021,0.005752923,0.002895491
Leaf: 25,b'AS7262',16,250,0.110746865,0.104342322,0.193870985,0.180692057,0.153966968,0.113485909,10:35:04,pos 1,0.31806573,0.075671351,0.393737081,0.005835021,0.005752923,0.002895491
Leaf: 25,b'AS7262',16,150,0.089016497,0.106400159,0.210622177,0.195318528,0.145055202,0.095543019,10:35:36,pos 2,0.31806573,0.075671351,0.393737081,0.005835021,0.005752923,0.002895491
Leaf: 25,b'AS7262',16,200,0.090356625,0.105294791,0.208167199,0.193339854,0.14394356,0.094755977,10:35:36,pos 2,0.31806573,0.075671351,0.393737081,0.005835021,0.005752923,0.002895491
Leaf: 25,b'AS7262',16,250,0.089893869,0.102856251,0.199821506,0.186262409,0.140559239,0.091131962,10:35:36,pos 2,0.31806573,0.075671351,0.393737081,0.005835021,0.005752923,0.002895491
Leaf: 26,b'AS7262',16,150,0.054836224,0.062284242,0.135173477,0.119949131,0.094611938,0.063503472,10:36:41,pos 1,0.314450667,0.078063423,0.39251409,0.011311237,0.006782504,0.016648131
Leaf: 26,b'AS7262',16,200,0.055229174,0.061511295,0.133090499,0.118237114,0.093649181,0.062644452,10:36:41,pos 1,0.314450667,0.078063423,0.39251409,0.011311237,0.006782504,0.016648131
Leaf: 26,b'AS7262',16,250,0.05540864,0.060668541,0.13285812,0.117818351,0.093274842,0.062334139,10:36:41,pos 1,0.314450667,0.078063423,0.39251409,0.011311237,0.006782504,0.016648131
Leaf: 26,b'AS7262',16,150,0.093344757,0.104023165,0.175270426,0.167644343,0.123735904,0.096802304,10:37:09,pos 2,0.314450667,0.078063423,0.39251409,0.011311237,0.006782504,0.016648131
Leaf: 26,b'AS7262',16,200,0.094324181,0.103013352,0.173272909,0.16582523,0.122516428,0.095929796,10:37:09,pos 2,0.314450667,0.078063423,0.39251409,0.011311237,0.006782504,0.016648131
Leaf: 26,b'AS7262',16,250,0.094559954,0.1021182,0.17233055,0.164796427,0.1216615,0.0952444,10:37:09,pos 2,0.314450667,0.078063423,0.39251409,0.011311237,0.006782504,0.016648131
Leaf: 27,b'AS7262',16,150,0.079843897,0.098471274,0.173574856,0.152704331,0.09950017,0.069763854,10:39:00,pos 1,0.62210818,0.178898018,0.801006198,0.033441304,0.012866665,0.046202152
Leaf: 27,b'AS7262',16,200,0.081005119,0.097714944,0.17181823,0.1513269,0.098848062,0.069417554,10:39:00,pos 1,0.62210818,0.178898018,0.801006198,0.033441304,0.012866665,0.046202152
Leaf: 27,b'AS7262',16,250,0.08144851,0.097251211,0.171393705,0.15080148,0.098426014,0.069306927,10:39:00,pos 1,0.62210818,0.178898018,0.801006198,0.033441304,0.012866665,0.046202152
Leaf: 27,b'AS7262',16,150,0.100394315,0.097374179,0.137393589,0.134533674,0.106021234,0.095866847,10:39:19,pos 2,0.62210818,0.178898018,0.801006198,0.033441304,0.012866665,0.046202152
Leaf: 27,b'AS7262',16,200,0.101828261,0.096543064,0.135862667,0.133229401,0.105156031,0.095160744,10:39:19,pos 2,0.62210818,0.178898018,0.801006198,0.033441304,0.012866665,0.046202152
Leaf: 27,b'AS7262',16,250,0.102181863,0.095206597,0.135236849,0.132446902,0.104544492,0.09448884,10:39:19,pos 2,0.62210818,0.178898018,0.801006198,0.033441304,0.012866665,0.046202152
Leaf: 28,b'AS7262',16,150,0.04037354,0.066107394,0.105018331,0.103482626,0.055413657,0.043121191,10:40:53,pos 1,0.720288829,0.198400072,0.918688901,0.017122517,0.010514433,0.023604391
Leaf: 28,b'AS7262',16,200,0.040933635,0.065525619,0.104015005,0.102601764,0.054923295,0.042837853,10:40:53,pos 1,0.720288829,0.198400072,0.918688901,0.017122517,0.010514433,0.023604391
Leaf: 28,b'AS7262',16,250,0.041093746,0.065346095,0.10344223,0.102004302,0.054567451,0.042603092,10:40:53,pos 1,0.720288829,0.198400072,0.918688901,0.017122517,0.010514433,0.023604391
Leaf: 28,b'AS7262',16,150,0.111666477,0.100266494,0.153044433,0.147644118,0.129620299,0.10344047,10:41:19,pos 2,0.720288829,0.198400072,0.918688901,0.017122517,0.010514433,0.023604391
Leaf: 28,b'AS7262',16,200,0.113352626,0.10063218,0.15206554,0.146708451,0.129286556,0.102932279,10:41:19,pos 2,0.720288829,0.198400072,0.918688901,0.017122517,0.010514433,0.023604391
Leaf: 28,b'AS7262',16,250,0.11418137,0.098866868,0.151478138,0.14588976,0.129388195,0.101979727,10:41:20,pos 2,0.720288829,0.198400072,0.918688901,0.017122517,0.010514433,0.023604391
Leaf: 29,b'AS7262',16,150,0.08643597,0.100881523,0.147030584,0.139165179,0.104111112,0.082572493,10:43:37,pos 1,0.630791459,0.168490162,0.799281622,0.027993249,0.01008547,0.035686459
Leaf: 29,b'AS7262',16,200,0.087928543,0.101417631,0.145469093,0.138083088,0.103346083,0.082356614,10:43:37,pos 1,0.630791459,0.168490162,0.799281622,0.027993249,0.01008547,0.035686459
Leaf: 29,b'AS7262',16,250,0.088817094,0.10120064,0.145176374,0.137885553,0.10298561,0.082496933,10:43:37,pos 1,0.630791459,0.168490162,0.799281622,0.027993249,0.01008547,0.035686459
Leaf: 29,b'AS7262',16,150,0.092183511,0.087467215,0.123206532,0.118569073,0.099787715,0.090074175,10:43:56,pos 2,0.630791459,0.168490162,0.799281622,0.027993249,0.01008547,0.035686459
Leaf: 29,b'AS7262',16,200,0.093761149,0.087217882,0.121919611,0.117680345,0.09903291,0.089993218,10:43:56,pos 2,0.630791459,0.168490162,0.799281622,0.027993249,0.01008547,0.035686459
Leaf: 29,b'AS7262',16,250,0.094151768,0.086619446,0.121506031,0.116839829,0.098764853,0.089070348,10:43:56,pos 2,0.630791459,0.168490162,0.799281622,0.027993249,0.01008547,0.035686459
Leaf: 30,b'AS7262',16,150,0.085673539,0.082563608,0.149531236,0.13043532,0.10339225,0.078326927,10:44:56,pos 1,0.565633405,0.165106811,0.730740216,0.039916408,0.015569293,0.054490452
Leaf: 30,b'AS7262',16,200,0.086793701,0.081769881,0.148076585,0.129120673,0.102668281,0.077634336,10:44:56,pos 1,0.565633405,0.165106811,0.730740216,0.039916408,0.015569293,0.054490452
Leaf: 30,b'AS7262',16,250,0.087008369,0.081084183,0.14685975,0.128037022,0.101759438,0.077175583,10:44:56,pos 1,0.565633405,0.165106811,0.730740216,0.039916408,0.015569293,0.054490452
Leaf: 30,b'AS7262',16,150,0.108440831,0.08585484,0.128732489,0.126441623,0.109851692,0.099824556,10:45:12,pos 2,0.565633405,0.165106811,0.730740216,0.039916408,0.015569293,0.054490452
Leaf: 30,b'AS7262',16,200,0.110194406,0.085260591,0.127729163,0.125670528,0.109238086,0.099815563,10:45:12,pos 2,0.565633405,0.165106811,0.730740216,0.039916408,0.015569293,0.054490452
Leaf: 30,b'AS7262',16,250,0.110810225,0.085213202,0.126980833,0.125107567,0.108635817,0.099259684,10:45:12,pos 2,0.565633405,0.165106811,0.730740216,0.039916408,0.015569293,0.054490452
Leaf: 43,b'AS7262',16,150,0.094764047,0.10578513,0.187542345,0.178820669,0.139304305,0.101893364,10:22:01,pos 1,0.433334486,0.222218378,0.655552865,0.152835893,0.303280631,0.455879092
Leaf: 43,b'AS7262',16,200,0.095969255,0.104696396,0.185358718,0.177147817,0.137720317,0.100894945,10:22:01,pos 1,0.433334486,0.222218378,0.655552865,0.152835893,0.303280631,0.455879092
Leaf: 43,b'AS7262',16,250,0.09629122,0.104651498,0.184173018,0.176194355,0.136603475,0.100598112,10:22:01,pos 1,0.433334486,0.222218378,0.655552865,0.152835893,0.303280631,0.455879092
Leaf: 43,b'AS7262',16,150,0.060126309,0.097041743,0.148823776,0.150655154,0.10158486,0.084569342,10:22:17,pos 2,0.433334486,0.222218378,0.655552865,0.152835893,0.303280631,0.455879092
Leaf: 43,b'AS7262',16,200,0.060472341,0.09407463,0.145606364,0.147712048,0.099910957,0.083611394,10:22:17,pos 2,0.433334486,0.222218378,0.655552865,0.152835893,0.303280631,0.455879092
Leaf: 43,b'AS7262',16,250,0.060433633,0.093690621,0.143778403,0.145971342,0.098777233,0.083101383,10:22:17,pos 2,0.433334486,0.222218378,0.655552865,0.152835893,0.303280631,0.455879092
Leaf: 44,b'AS7262',16,150,0.091925467,0.124718074,0.21029288,0.205825626,0.170020084,0.130892693,10:23:27,pos 1,0.295562703,0.069278486,0.364841189,0.011428448,0.005399295,0.015879496
Leaf: 44,b'AS7262',16,200,0.093057411,0.123745669,0.208377605,0.204113636,0.168944396,0.129781828,10:23:27,pos 1,0.295562703,0.069278486,0.364841189,0.011428448,0.005399295,0.015879496
Leaf: 44,b'AS7262',16,250,0.093637982,0.122633628,0.206555142,0.202609694,0.167732044,0.129061276,10:23:27,pos 1,0.295562703,0.069278486,0.364841189,0.011428448,0.005399295,0.015879496
Leaf: 44,b'AS7262',16,150,0.081239727,0.104555085,0.234958554,0.201225541,0.159319375,0.088113297,10:23:44,pos 2,0.295562703,0.069278486,0.364841189,0.011428448,0.005399295,0.015879496
Leaf: 44,b'AS7262',16,200,0.082386265,0.103549446,0.232832928,0.199597163,0.158199996,0.087267794,10:23:44,pos 2,0.295562703,0.069278486,0.364841189,0.011428448,0.005399295,0.015879496
Leaf: 44,b'AS7262',16,250,0.082785689,0.102796442,0.231111086,0.198262609,0.157312772,0.086814448,10:23:44,pos 2,0.295562703,0.069278486,0.364841189,0.011428448,0.005399295,0.015879496
Leaf: 45,b'AS7262',16,150,0.092640968,0.121160876,0.171940258,0.17040446,0.113035195,0.090523919,10:25:01,pos 1,0.481052901,0.125351063,0.606403964,0.037906891,0.021498199,0.055766279
Leaf: 45,b'AS7262',16,200,0.093981053,0.120753591,0.171132039,0.169667356,0.112403638,0.090344015,10:25:01,pos 1,0.481052901,0.125351063,0.606403964,0.037906891,0.021498199,0.055766279
Leaf: 45,b'AS7262',16,250,0.094531813,0.120459428,0.170493443,0.169036969,0.111975431,0.089879886,10:25:01,pos 1,0.481052901,0.125351063,0.606403964,0.037906891,0.021498199,0.055766279
Leaf: 45,b'AS7262',16,150,0.098400286,0.105286464,0.147469719,0.14527089,0.1157463,0.102954756,10:25:17,pos 2,0.481052901,0.125351063,0.606403964,0.037906891,0.021498199,0.055766279
Leaf: 45,b'AS7262',16,200,0.099338603,0.103935916,0.145716148,0.143313154,0.114367639,0.101218763,10:25:17,pos 2,0.481052901,0.125351063,0.606403964,0.037906891,0.021498199,0.055766279
Leaf: 45,b'AS7262',16,250,0.098993776,0.103873574,0.144707919,0.142220093,0.113330973,0.100080014,10:25:17,pos 2,0.481052901,0.125351063,0.606403964,0.037906891,0.021498199,0.055766279
Leaf: 46,b'AS7262',16,150,0.065322552,0.113381594,0.198996855,0.182228994,0.102406414,0.07116704,10:26:12,pos 1,0.379203748,0.096961153,0.476164901,0.017022534,0.008337484,0.024487356
Leaf: 46,b'AS7262',16,200,0.0660322,0.112226331,0.197124338,0.180527432,0.101305016,0.070685822,10:26:12,pos 1,0.379203748,0.096961153,0.476164901,0.017022534,0.008337484,0.024487356
Leaf: 46,b'AS7262',16,250,0.066401678,0.112400835,0.196403445,0.179857782,0.100927629,0.070407883,10:26:12,pos 1,0.379203748,0.096961153,0.476164901,0.017022534,0.008337484,0.024487356
Leaf: 46,b'AS7262',16,150,0.082283662,0.08176572,0.155289088,0.140451196,0.125296912,0.080953428,10:26:28,pos 2,0.379203748,0.096961153,0.476164901,0.017022534,0.008337484,0.024487356
Leaf: 46,b'AS7262',16,200,0.083679506,0.082305955,0.154435139,0.139847407,0.124580629,0.081007384,10:26:28,pos 2,0.379203748,0.096961153,0.476164901,0.017022534,0.008337484,0.024487356
Leaf: 46,b'AS7262',16,250,0.08432699,0.082380777,0.153813019,0.139391006,0.124039935,0.080715956,10:26:28,pos 2,0.379203748,0.096961153,0.476164901,0.017022534,0.008337484,0.024487356
Leaf: 47,b'AS7262',16,150,0.084817277,0.108278502,0.146359663,0.14636861,0.094817322,0.077049675,10:28:31,pos 1,0.575289405,0.157825081,0.733114486,0.024855858,0.01265779,0.036286004
Leaf: 47,b'AS7262',16,200,0.08609874,0.108785481,0.145094011,0.145281345,0.094203725,0.076703361,10:28:31,pos 1,0.575289405,0.157825081,0.733114486,0.024855858,0.01265779,0.036286004
Leaf: 47,b'AS7262',16,250,0.086621303,0.108092307,0.144495681,0.144635227,0.093736986,0.076441617,10:28:31,pos 1,0.575289405,0.157825081,0.733114486,0.024855858,0.01265779,0.036286004
Leaf: 47,b'AS7262',16,150,0.097942782,0.084259092,0.117582953,0.117042645,0.102868537,0.087789488,10:28:47,pos 2,0.575289405,0.157825081,0.733114486,0.024855858,0.01265779,0.036286004
Leaf: 47,b'AS7262',16,200,0.099065898,0.08366484,0.11653995,0.116057249,0.102175327,0.087294772,10:28:48,pos 2,0.575289405,0.157825081,0.733114486,0.024855858,0.01265779,0.036286004
Leaf: 47,b'AS7262',16,250,0.099416004,0.082909334,0.116001976,0.115397041,0.101697786,0.086922382,10:28:48,pos 2,0.575289405,0.157825081,0.733114486,0.024855858,0.01265779,0.036286004
Leaf: 48,b'AS7262',16,150,0.083186854,0.095512464,0.146079013,0.140764846,0.096655547,0.080395736,10:29:47,pos 1,0.63760245,0.187684613,0.825287063,0.01730042,0.005765626,0.022982488
Leaf: 48,b'AS7262',16,200,0.084471219,0.095146788,0.145368471,0.140176739,0.096290984,0.080359761,10:29:47,pos 1,0.63760245,0.187684613,0.825287063,0.01730042,0.005765626,0.022982488
Leaf: 48,b'AS7262',16,250,0.08496036,0.094119497,0.143997971,0.139215363,0.095394475,0.080197857,10:29:47,pos 1,0.63760245,0.187684613,0.825287063,0.01730042,0.005765626,0.022982488
Leaf: 48,b'AS7262',16,150,0.072606694,0.061087424,0.080011057,0.080042732,0.073426168,0.067515155,10:30:03,pos 2,0.63760245,0.187684613,0.825287063,0.01730042,0.005765626,0.022982488
Leaf: 48,b'AS7262',16,200,0.073571463,0.05976594,0.079193755,0.079337026,0.072876754,0.067231813,10:30:03,pos 2,0.63760245,0.187684613,0.825287063,0.01730042,0.005765626,0.022982488
Leaf: 48,b'AS7262',16,250,0.073953263,0.059561489,0.078666784,0.078800669,0.072399221,0.06700784,10:30:03,pos 2,0.63760245,0.187684613,0.825287063,0.01730042,0.005765626,0.022982488
Leaf: 19,b'AS7262',16,150,0.120182199,0.164960998,0.271408144,0.265449923,0.199462483,0.14812677,13:28:35,pos 1,0.277908505,0.061923099,0.339831604,0.006160029,0.001481228,0.006108185
Leaf: 19,b'AS7262',16,200,0.121630866,0.163153251,0.268669544,0.26314988,0.197950299,0.14714634,13:28:36,pos 1,0.277908505,0.061923099,0.339831604,0.006160029,0.001481228,0.006108185
Leaf: 19,b'AS7262',16,250,0.122324086,0.161081265,0.267363099,0.26197059,0.197055306,0.146504104,13:28:36,pos 1,0.277908505,0.061923099,0.339831604,0.006160029,0.001481228,0.006108185
Leaf: 19,b'AS7262',16,150,0.115713234,0.154671745,0.24929199,0.250018581,0.197049116,0.145212449,13:28:58,pos 2,0.277908505,0.061923099,0.339831604,0.006160029,0.001481228,0.006108185
Leaf: 19,b'AS7262',16,200,0.116458045,0.152244869,0.246583903,0.247177398,0.195662794,0.14366538,13:28:58,pos 2,0.277908505,0.061923099,0.339831604,0.006160029,0.001481228,0.006108185
Leaf: 19,b'AS7262',16,250,0.116616445,0.150369836,0.243612258,0.244324763,0.193265867,0.142229732,13:28:58,pos 2,0.277908505,0.061923099,0.339831604,0.006160029,0.001481228,0.006108185
Leaf: 20,b'AS7262',16,150,0.119384587,0.171210973,0.312444448,0.292674489,0.224478742,0.154908874,13:30:33,pos 1,0.204878595,0.039578162,0.244456757,0.004208759,0.005274061,0.008152497
Leaf: 20,b'AS7262',16,200,0.120891882,0.168451689,0.309053279,0.28980985,0.222527508,0.153595568,13:30:33,pos 1,0.204878595,0.039578162,0.244456757,0.004208759,0.005274061,0.008152497
Leaf: 20,b'AS7262',16,250,0.121563996,0.168531475,0.307640632,0.288693274,0.221541662,0.153088277,13:30:33,pos 1,0.204878595,0.039578162,0.244456757,0.004208759,0.005274061,0.008152497
Leaf: 20,b'AS7262',16,150,0.084512293,0.129438864,0.25409827,0.238580826,0.184654005,0.122833319,13:30:54,pos 2,0.204878595,0.039578162,0.244456757,0.004208759,0.005274061,0.008152497
Leaf: 20,b'AS7262',16,200,0.085254227,0.126313795,0.25008791,0.235337207,0.182215001,0.121551571,13:30:54,pos 2,0.204878595,0.039578162,0.244456757,0.004208759,0.005274061,0.008152497
Leaf: 20,b'AS7262',16,250,0.08580493,0.126493344,0.248845502,0.234244163,0.181460227,0.121106324,13:30:54,pos 2,0.204878595,0.039578162,0.244456757,0.004208759,0.005274061,0.008152497
Leaf: 21,b'AS7262',16,150,0.080582867,0.115110319,0.180857466,0.172976386,0.110550024,0.077337514,13:34:37,pos 1,0.587498703,0.164430919,0.751929622,0.007059473,0.008223365,0.013075583
Leaf: 21,b'AS7262',16,200,0.082122408,0.113435582,0.178853813,0.171470841,0.109677109,0.076703361,13:34:37,pos 1,0.587498703,0.164430919,0.751929622,0.007059473,0.008223365,0.013075583
Leaf: 21,b'AS7262',16,250,0.082461983,0.113547825,0.177702864,0.170416962,0.109017862,0.076366056,13:34:37,pos 1,0.587498703,0.164430919,0.751929622,0.007059473,0.008223365,0.013075583
Leaf: 21,b'AS7262',16,150,0.107267912,0.109525187,0.16026607,0.157524025,0.128408509,0.110834222,13:35:03,pos 2,0.587498703,0.164430919,0.751929622,0.007059473,0.008223365,0.013075583
Leaf: 21,b'AS7262',16,200,0.109015613,0.10755131,0.158350877,0.155561088,0.127723046,0.109826809,13:35:03,pos 2,0.587498703,0.164430919,0.751929622,0.007059473,0.008223365,0.013075583
Leaf: 21,b'AS7262',16,250,0.109395644,0.106915493,0.158058109,0.155192574,0.127170019,0.108801395,13:35:03,pos 2,0.587498703,0.164430919,0.751929622,0.007059473,0.008223365,0.013075583
Leaf: 22,b'AS7262',16,150,0.111443671,0.131766004,0.210402609,0.200681882,0.149419649,0.112165466,13:37:16,pos 1,0.405671495,0.091558631,0.497230126,0.010917732,0.006923806,0.016963633
Leaf: 22,b'AS7262',16,200,0.113194297,0.130926515,0.20908212,0.199612846,0.14885747,0.111594281,13:37:16,pos 1,0.405671495,0.091558631,0.497230126,0.010917732,0.006923806,0.016963633
Leaf: 22,b'AS7262',16,250,0.113892826,0.130293251,0.207938452,0.198720505,0.148002496,0.111327119,13:37:16,pos 1,0.405671495,0.091558631,0.497230126,0.010917732,0.006923806,0.016963633
Leaf: 22,b'AS7262',16,150,0.122129421,0.133694187,0.21036596,0.197200317,0.174867246,0.130910679,13:37:39,pos 2,0.405671495,0.091558631,0.497230126,0.010917732,0.006923806,0.016963633
Leaf: 22,b'AS7262',16,200,0.123750997,0.132372713,0.208066578,0.195253117,0.173188241,0.12945801,13:37:39,pos 2,0.405671495,0.091558631,0.497230126,0.010917732,0.006923806,0.016963633
Leaf: 22,b'AS7262',16,250,0.124104671,0.131539923,0.206833283,0.194028372,0.172211603,0.128521606,13:37:39,pos 2,0.405671495,0.091558631,0.497230126,0.010917732,0.006923806,0.016963633
Leaf: 23,b'AS7262',16,150,0.099514602,0.123488029,0.172489123,0.172254938,0.116947877,0.096586425,13:39:20,pos 1,0.488257117,0.130459171,0.618716288,0.025366593,0.012972473,0.03685178
Leaf: 23,b'AS7262',16,200,0.1009221,0.123496363,0.17081185,0.170898471,0.116100676,0.095862337,13:39:20,pos 1,0.488257117,0.130459171,0.618716288,0.025366593,0.012972473,0.03685178
Leaf: 23,b'AS7262',16,250,0.101189568,0.123571125,0.169746913,0.169777182,0.115031606,0.095298367,13:39:20,pos 1,0.488257117,0.130459171,0.618716288,0.025366593,0.012972473,0.03685178
Leaf: 23,b'AS7262',16,150,0.079187028,0.085339547,0.1310259,0.124643366,0.090925221,0.079568209,13:39:40,pos 2,0.488257117,0.130459171,0.618716288,0.025366593,0.012972473,0.03685178
Leaf: 23,b'AS7262',16,200,0.080002278,0.084163513,0.129522438,0.123459298,0.090175523,0.079131973,13:39:40,pos 2,0.488257117,0.130459171,0.618716288,0.025366593,0.012972473,0.03685178
Leaf: 23,b'AS7262',16,250,0.080364713,0.083856798,0.128722782,0.122704979,0.089356032,0.078902594,13:39:41,pos 2,0.488257117,0.130459171,0.618716288,0.025366593,0.012972473,0.03685178
Leaf: 24,b'AS7262',16,150,0.086095805,0.124718074,0.184370662,0.182155755,0.114277832,0.086116448,13:41:00,pos 1,0.436716324,0.101676541,0.538392865,0.026154971,0.008186076,0.033866085
Leaf: 24,b'AS7262',16,200,0.087189629,0.123571125,0.182284685,0.180354925,0.113320218,0.085486819,13:41:00,pos 1,0.436716324,0.101676541,0.538392865,0.026154971,0.008186076,0.033866085
Leaf: 24,b'AS7262',16,250,0.087662916,0.12308244,0.181377077,0.179387275,0.112616217,0.085152196,13:41:00,pos 1,0.436716324,0.101676541,0.538392865,0.026154971,0.008186076,0.033866085
Leaf: 24,b'AS7262',16,150,0.087585476,0.096094266,0.152800542,0.147194608,0.112039126,0.089318608,13:41:22,pos 2,0.436716324,0.101676541,0.538392865,0.026154971,0.008186076,0.033866085
Leaf: 24,b'AS7262',16,200,0.088474023,0.095520787,0.151086564,0.145367558,0.111071169,0.088077326,13:41:22,pos 2,0.436716324,0.101676541,0.538392865,0.026154971,0.008186076,0.033866085
Leaf: 24,b'AS7262',16,250,0.088500408,0.094767753,0.150548623,0.14447837,0.110453502,0.087321755,13:41:22,pos 2,0.436716324,0.101676541,0.538392865,0.026154971,0.008186076,0.033866085