Leaf number,spectrometer,gain,integratoin time,450 nm,500 nm,550 nm,570 nm,600 nm,650 nm,time,position,Chlorophyll a (ug/ml),Chlorophyll b (ug/ml),Total Chlorophyll (ug/ml),position stdev,vial number stdev,Absorbance (647) stdev,Absorbance (664) stdev,Chlorophyll a (ug/ml) stdev,Chlorophyll b (ug/ml) stdev,Total Chlorophyll (ug/ml) stdev
Leaf: 1,b'AS7262',16,100,0.016186926,0.017453531,0.034583091,0.032039013,0.026079056,0.01775571,12:41:32,pos 1,0.270691207,0.085988829,0.356680036,1.58113883,1.58113883,0.003000833,0.00821383,0.017212536,0.005732519,0.021004776
Leaf: 1,b'AS7262',16,100,0.016204521,0.017154326,0.033960957,0.031521508,0.025709361,0.017162054,12:41:32,pos 1,0.270691207,0.085988829,0.356680036,1.58113883,1.58113883,0.003000833,0.00821383,0.017212536,0.005732519,0.021004776
Leaf: 1,b'AS7262',16,100,0.021869941,0.017777667,0.040804381,0.036586895,0.03696971,0.022882739,12:41:54,pos 2,0.270691207,0.085988829,0.356680036,1.58113883,1.58113883,0.003000833,0.00821383,0.017212536,0.005732519,0.021004776
Leaf: 1,b'AS7262',16,100,0.021905132,0.017453531,0.040090755,0.036022326,0.036507599,0.022424002,12:41:54,pos 2,0.270691207,0.085988829,0.356680036,1.58113883,1.58113883,0.003000833,0.00821383,0.017212536,0.005732519,0.021004776
Leaf: 1,b'AS7262',16,100,0.022010703,0.017827534,0.040804381,0.036602577,0.037046744,0.022936709,12:42:07,pos 3,0.270691207,0.085988829,0.356680036,1.58113883,1.58113883,0.003000833,0.00821383,0.017212536,0.005732519,0.021004776
Leaf: 1,b'AS7262',16,100,0.022028298,0.017503398,0.040109064,0.036053691,0.036584618,0.022531942,12:42:08,pos 3,0.270691207,0.085988829,0.356680036,1.58113883,1.58113883,0.003000833,0.00821383,0.017212536,0.005732519,0.021004776
Leaf: 2,b'AS7262',16,100,0.024333167,0.025357489,0.045067795,0.043393019,0.03120861,0.026849438,12:43:53,pos 1,0.229680252,0.063844685,0.293524937,1.58113883,1.58113883,0.004060172,0.012579666,0.026617897,0.006863818,0.03027574
Leaf: 2,b'AS7262',16,100,0.024403548,0.024908678,0.044280985,0.042734372,0.030808105,0.026282765,12:43:53,pos 1,0.229680252,0.063844685,0.293524937,1.58113883,1.58113883,0.004060172,0.012579666,0.026617897,0.006863818,0.03027574
Leaf: 2,b'AS7262',16,100,0.034397212,0.021891723,0.045397162,0.043267575,0.037046744,0.034270146,12:44:10,pos 2,0.229680252,0.063844685,0.293524937,1.58113883,1.58113883,0.004060172,0.012579666,0.026617897,0.006863818,0.03027574
Leaf: 2,b'AS7262',16,100,0.034362021,0.021567575,0.044811628,0.042781419,0.036445978,0.033757429,12:44:11,pos 2,0.229680252,0.063844685,0.293524937,1.58113883,1.58113883,0.004060172,0.012579666,0.026617897,0.006863818,0.03027574
Leaf: 2,b'AS7262',16,100,0.025987043,0.01585778,0.031911587,0.031521508,0.029344722,0.027524048,12:44:26,pos 3,0.229680252,0.063844685,0.293524937,1.58113883,1.58113883,0.004060172,0.012579666,0.026617897,0.006863818,0.03027574
Leaf: 2,b'AS7262',16,100,0.025740724,0.015583509,0.031344345,0.031003986,0.028774766,0.02703833,12:44:26,pos 3,0.229680252,0.063844685,0.293524937,1.58113883,1.58113883,0.004060172,0.012579666,0.026617897,0.006863818,0.03027574
Leaf: 3,b'AS7262',16,100,0.009395454,0.008751699,0.017126854,0.016450774,0.010397732,0.007555619,12:46:26,pos 1,0.455421297,0.148642811,0.604064108,1.58113883,1.58113883,0.006326769,0.015227377,0.03128852,0.011313917,0.04237508
Leaf: 3,b'AS7262',16,100,0.009342669,0.008577163,0.016797503,0.01616849,0.01019748,0.007258794,12:46:27,pos 1,0.455421297,0.148642811,0.604064108,1.58113883,1.58113883,0.006326769,0.015227377,0.03128852,0.011313917,0.04237508
Leaf: 3,b'AS7262',16,100,0.015465552,0.013214816,0.016541319,0.018003322,0.013894452,0.015785851,12:47:05,pos 2,0.455421297,0.148642811,0.604064108,1.58113883,1.58113883,0.006326769,0.015227377,0.03128852,0.011313917,0.04237508
Leaf: 3,b'AS7262',16,100,0.015078472,0.01234214,0.015992389,0.017156485,0.013031825,0.015327117,12:47:06,pos 2,0.455421297,0.148642811,0.604064108,1.58113883,1.58113883,0.006326769,0.015227377,0.03128852,0.011313917,0.04237508
Leaf: 3,b'AS7262',16,100,0.007213738,0.008128358,0.020420491,0.018222876,0.011999753,0.006422278,12:47:22,pos 3,0.455421297,0.148642811,0.604064108,1.58113883,1.58113883,0.006326769,0.015227377,0.03128852,0.011313917,0.04237508
Leaf: 3,b'AS7262',16,100,0.007090576,0.007978756,0.020091124,0.017971957,0.011707077,0.006044497,12:47:23,pos 3,0.455421297,0.148642811,0.604064108,1.58113883,1.58113883,0.006326769,0.015227377,0.03128852,0.011313917,0.04237508
Leaf: 4,b'AS7262',16,100,0.021042996,0.010721454,0.016266857,0.017078056,0.019578551,0.014085837,12:48:07,pos 1,0.496377297,0.150496432,0.64687373,1.58113883,1.58113883,0.003980829,0.008757682,0.017949121,0.008935954,0.025254508
Leaf: 4,b'AS7262',16,100,0.021060591,0.010646654,0.016083877,0.016889883,0.019332082,0.01416679,12:48:07,pos 1,0.496377297,0.150496432,0.64687373,1.58113883,1.58113883,0.003980829,0.008757682,0.017949121,0.008935954,0.025254508
Leaf: 4,b'AS7262',16,100,0.021095782,0.010796256,0.016321751,0.01712512,0.019593948,0.014328696,12:48:19,pos 2,0.496377297,0.150496432,0.64687373,1.58113883,1.58113883,0.003980829,0.008757682,0.017949121,0.008935954,0.025254508
Leaf: 4,b'AS7262',16,100,0.021095782,0.010646654,0.016083877,0.016889883,0.019332082,0.01416679,12:48:19,pos 2,0.496377297,0.150496432,0.64687373,1.58113883,1.58113883,0.003980829,0.008757682,0.017949121,0.008935954,0.025254508
Leaf: 4,b'AS7262',16,100,0.024210001,0.009424906,0.015351961,0.015572563,0.022135621,0.017296974,12:48:34,pos 3,0.496377297,0.150496432,0.64687373,1.58113883,1.58113883,0.003980829,0.008757682,0.017949121,0.008935954,0.025254508
Leaf: 4,b'AS7262',16,100,0.023541412,0.007704487,0.013833233,0.01402001,0.020102283,0.016730306,12:48:34,pos 3,0.496377297,0.150496432,0.64687373,1.58113883,1.58113883,0.003980829,0.008757682,0.017949121,0.008935954,0.025254508
Leaf: 5,b'AS7262',16,100,0.014990496,0.021517714,0.030502644,0.03208606,0.020394959,0.012304867,12:50:31,pos 1,0.373901622,0.146896,0.520797622,1.58113883,1.58113883,0.007263746,0.009330434,0.01792598,0.022667119,0.037327645
Leaf: 5,b'AS7262',16,100,0.015060877,0.021318249,0.030118385,0.031725363,0.020163904,0.01238582,12:50:31,pos 1,0.373901622,0.146896,0.520797622,1.58113883,1.58113883,0.007263746,0.009330434,0.01792598,0.022667119,0.037327645
Leaf: 5,b'AS7262',16,100,0.025916676,0.012441873,0.022561351,0.019446092,0.025925019,0.026174829,12:51:03,pos 2,0.373901622,0.146896,0.520797622,1.58113883,1.58113883,0.007263746,0.009330434,0.01792598,0.022667119,0.037327645
Leaf: 5,b'AS7262',16,100,0.024649866,0.011668932,0.021371975,0.018505161,0.024661881,0.024933549,12:51:04,pos 2,0.373901622,0.146896,0.520797622,1.58113883,1.58113883,0.007263746,0.009330434,0.01792598,0.022667119,0.037327645
Leaf: 5,b'AS7262',16,100,0.01067985,0.013738421,0.027446882,0.02448013,0.015080564,0.009525479,12:51:19,pos 3,0.373901622,0.146896,0.520797622,1.58113883,1.58113883,0.007263746,0.009330434,0.01792598,0.022667119,0.037327645
Leaf: 5,b'AS7262',16,100,0.0108382,0.013688556,0.027263915,0.024338988,0.015034353,0.009417542,12:51:19,pos 3,0.373901622,0.146896,0.520797622,1.58113883,1.58113883,0.007263746,0.009330434,0.01792598,0.022667119,0.037327645
Leaf: 6,b'AS7262',16,100,0.010697444,0.012117737,0.019963048,0.019900884,0.0152192,0.0074207,12:51:57,pos 1,0.389770883,0.118680937,0.50845182,1.58113883,1.58113883,0.002171866,0.003025227,0.006998972,0.009626638,0.00878033
Leaf: 6,b'AS7262',16,100,0.010732633,0.012018002,0.019706865,0.019665647,0.015034353,0.007528636,12:51:58,pos 1,0.389770883,0.118680937,0.50845182,1.58113883,1.58113883,0.002171866,0.003025227,0.006998972,0.009626638,0.00878033
Leaf: 6,b'AS7262',16,100,0.016239711,0.007480084,0.0158826,0.015431421,0.018715918,0.012062011,12:52:12,pos 2,0.389770883,0.118680937,0.50845182,1.58113883,1.58113883,0.002171866,0.003025227,0.006998972,0.009626638,0.00878033
Leaf: 6,b'AS7262',16,100,0.016749943,0.007480084,0.015571535,0.015211868,0.018700521,0.01243979,12:52:13,pos 2,0.389770883,0.118680937,0.50845182,1.58113883,1.58113883,0.002171866,0.003025227,0.006998972,0.009626638,0.00878033
Leaf: 6,b'AS7262',16,100,0.018280667,0.014960169,0.026257523,0.022723711,0.028435882,0.015839821,12:52:27,pos 3,0.389770883,0.118680937,0.50845182,1.58113883,1.58113883,0.002171866,0.003025227,0.006998972,0.009626638,0.00878033
Leaf: 6,b'AS7262',16,100,0.018051944,0.014511364,0.025690297,0.022221872,0.027927547,0.015219181,12:52:28,pos 3,0.389770883,0.118680937,0.50845182,1.58113883,1.58113883,0.002171866,0.003025227,0.006998972,0.009626638,0.00878033
Leaf: 7,b'AS7262',16,100,0.016732348,0.024434947,0.028343492,0.029812119,0.021257592,0.029251048,10:48:12,pos 1,0.286471495,0.09188209,0.378353586,1.58113883,1.58113883,0.005948361,0.01249848,0.025891791,0.01621904,0.035919652
Leaf: 7,b'AS7262',16,100,0.016837919,0.024135739,0.027849449,0.029388693,0.020995726,0.028711353,10:48:12,pos 1,0.286471495,0.09188209,0.378353586,1.58113883,1.58113883,0.005948361,0.01249848,0.025891791,0.01621904,0.035919652
Leaf: 7,b'AS7262',16,100,0.016996275,0.025108143,0.028508167,0.030078721,0.021442439,0.029520882,10:48:32,pos 2,0.286471495,0.09188209,0.378353586,1.58113883,1.58113883,0.005948361,0.01249848,0.025891791,0.01621904,0.035919652
Leaf: 7,b'AS7262',16,100,0.017084237,0.024335204,0.027940941,0.029592565,0.021149763,0.028927231,10:48:32,pos 2,0.286471495,0.09188209,0.378353586,1.58113883,1.58113883,0.005948361,0.01249848,0.025891791,0.01621904,0.035919652
Leaf: 7,b'AS7262',16,100,0.017137023,0.024833876,0.028508167,0.030125768,0.021488647,0.029547888,10:48:44,pos 3,0.286471495,0.09188209,0.378353586,1.58113883,1.58113883,0.005948361,0.01249848,0.025891791,0.01621904,0.035919652
Leaf: 7,b'AS7262',16,100,0.017207403,0.024459887,0.027995833,0.029670993,0.021211384,0.02903517,10:48:45,pos 3,0.286471495,0.09188209,0.378353586,1.58113883,1.58113883,0.005948361,0.01249848,0.025891791,0.01621904,0.035919652
Leaf: 8,b'AS7262',16,100,0.024210001,0.021642377,0.029276684,0.026707024,0.027372989,0.027712951,10:50:50,pos 1,0.323399568,0.100342054,0.423741622,1.58113883,1.58113883,0.004102804,0.01137506,0.023742461,0.006345578,0.029271893
Leaf: 8,b'AS7262',16,100,0.024227596,0.021417972,0.028929026,0.026393375,0.027080313,0.027389128,10:50:51,pos 1,0.323399568,0.100342054,0.423741622,1.58113883,1.58113883,0.004102804,0.01137506,0.023742461,0.006345578,0.029271893
Leaf: 8,b'AS7262',16,100,0.024262786,0.02174212,0.029386468,0.026769754,0.027419213,0.027901824,10:51:01,pos 2,0.323399568,0.100342054,0.423741622,1.58113883,1.58113883,0.004102804,0.01137506,0.023742461,0.006345578,0.029271893
Leaf: 8,b'AS7262',16,100,0.024262786,0.021467853,0.028965626,0.026409057,0.027095725,0.027416112,10:51:02,pos 2,0.323399568,0.100342054,0.423741622,1.58113883,1.58113883,0.004102804,0.01137506,0.023742461,0.006345578,0.029271893
Leaf: 8,b'AS7262',16,100,0.024333167,0.021816922,0.02944136,0.026848166,0.027511629,0.027874846,10:51:21,pos 3,0.323399568,0.100342054,0.423741622,1.58113883,1.58113883,0.004102804,0.01137506,0.023742461,0.006345578,0.029271893
Leaf: 8,b'AS7262',16,100,0.024333167,0.021517714,0.028965626,0.02642474,0.027157347,0.027389128,10:51:22,pos 3,0.323399568,0.100342054,0.423741622,1.58113883,1.58113883,0.004102804,0.01137506,0.023742461,0.006345578,0.029271893
Leaf: 9,b'AS7262',16,100,0.014005207,0.014012692,0.02294561,0.022002317,0.01545026,0.012062011,10:53:06,pos 1,0.541507647,0.081113917,0.622621564,1.58113883,1.58113883,0.039780596,0.008434868,0.030246796,0.1678281,0.144556466
Leaf: 9,b'AS7262',16,100,0.014075585,0.013962825,0.022817518,0.021908223,0.015404049,0.012062011,10:53:07,pos 1,0.541507647,0.081113917,0.622621564,1.58113883,1.58113883,0.039780596,0.008434868,0.030246796,0.1678281,0.144556466
Leaf: 9,b'AS7262',16,100,0.014198747,0.014361762,0.023165177,0.022300284,0.015588892,0.012277884,10:53:19,pos 2,0.541507647,0.081113917,0.622621564,1.58113883,1.58113883,0.039780596,0.008434868,0.030246796,0.1678281,0.144556466
Leaf: 9,b'AS7262',16,100,0.014216341,0.014237093,0.022927302,0.022096412,0.015465666,0.012088994,10:53:20,pos 2,0.541507647,0.081113917,0.622621564,1.58113883,1.58113883,0.039780596,0.008434868,0.030246796,0.1678281,0.144556466
Leaf: 9,b'AS7262',16,100,0.014198747,0.01441163,0.023165177,0.022315967,0.015588892,0.012196931,10:53:33,pos 3,0.541507647,0.081113917,0.622621564,1.58113883,1.58113883,0.039780596,0.008434868,0.030246796,0.1678281,0.144556466
Leaf: 9,b'AS7262',16,100,0.014216341,0.014262028,0.02290901,0.022096412,0.01545026,0.012008042,10:53:33,pos 3,0.541507647,0.081113917,0.622621564,1.58113883,1.58113883,0.039780596,0.008434868,0.030246796,0.1678281,0.144556466
Leaf: 10,b'AS7262',16,100,0.019705819,0.025407351,0.037455852,0.037229859,0.021858342,0.014625524,10:56:38,pos 1,0.427458126,0.129254991,0.556713117,1.58113883,1.58113883,0.006751074,0.013130613,0.026397831,0.015810819,0.040997794
Leaf: 10,b'AS7262',16,100,0.019705819,0.025033341,0.036888627,0.036728037,0.021565666,0.014274726,10:56:39,pos 1,0.427458126,0.129254991,0.556713117,1.58113883,1.58113883,0.006751074,0.013130613,0.026397831,0.015810819,0.040997794
Leaf: 10,b'AS7262',16,100,0.019723415,0.025432291,0.037474161,0.037261241,0.021858342,0.014706477,10:56:52,pos 2,0.427458126,0.129254991,0.556713117,1.58113883,1.58113883,0.006751074,0.013130613,0.026397831,0.015810819,0.040997794
Leaf: 10,b'AS7262',16,100,0.01974101,0.025083223,0.03696181,0.036775084,0.021581079,0.014382665,10:56:52,pos 2,0.427458126,0.129254991,0.556713117,1.58113883,1.58113883,0.006751074,0.013130613,0.026397831,0.015810819,0.040997794
Leaf: 10,b'AS7262',16,100,0.01974101,0.025457212,0.037474161,0.037245558,0.021842945,0.01473346,10:57:03,pos 3,0.427458126,0.129254991,0.556713117,1.58113883,1.58113883,0.006751074,0.013130613,0.026397831,0.015810819,0.040997794
Leaf: 10,b'AS7262',16,100,0.0197762,0.025133084,0.036980118,0.036790767,0.021596476,0.014436635,10:57:03,pos 3,0.427458126,0.129254991,0.556713117,1.58113883,1.58113883,0.006751074,0.013130613,0.026397831,0.015810819,0.040997794
Leaf: 11,b'AS7262',16,100,0.021060591,0.009001035,0.019487298,0.017423071,0.021211384,0.015192195,10:57:48,pos 1,0.437354234,0.145501694,0.582855928,1.58113883,1.58113883,0.002865833,0.00388883,0.007820217,0.009584473,0.014427534
Leaf: 11,b'AS7262',16,100,0.021095782,0.008976101,0.019304314,0.017250564,0.021011123,0.015273148,10:57:48,pos 1,0.437354234,0.145501694,0.582855928,1.58113883,1.58113883,0.002865833,0.00388883,0.007820217,0.009584473,0.014427534
Leaf: 11,b'AS7262',16,100,0.021113377,0.009050903,0.019523898,0.017454436,0.021226781,0.01540807,10:57:59,pos 2,0.437354234,0.145501694,0.582855928,1.58113883,1.58113883,0.002865833,0.00388883,0.007820217,0.009584473,0.014427534
Leaf: 11,b'AS7262',16,100,0.021130972,0.008976101,0.019304314,0.017266246,0.021026521,0.015246164,10:58:00,pos 2,0.437354234,0.145501694,0.582855928,1.58113883,1.58113883,0.002865833,0.00388883,0.007820217,0.009584473,0.014427534
Leaf: 11,b'AS7262',16,100,0.021148567,0.009075835,0.019560481,0.0174858,0.021257592,0.015435053,10:58:15,pos 3,0.437354234,0.145501694,0.582855928,1.58113883,1.58113883,0.002865833,0.00388883,0.007820217,0.009584473,0.014427534
Leaf: 11,b'AS7262',16,100,0.021166162,0.009001035,0.019322606,0.017281928,0.021041934,0.015273148,10:58:16,pos 3,0.437354234,0.145501694,0.582855928,1.58113883,1.58113883,0.002865833,0.00388883,0.007820217,0.009584473,0.014427534
Leaf: 12,b'AS7262',16,100,0.048719119,0.045578651,0.096045821,0.085092364,0.061539176,0.040314624,10:59:36,pos 1,0.354973045,0.146112721,0.501085766,1.58113883,1.58113883,0.014023124,0.009426134,0.016224475,0.051639241,0.061055437
Leaf: 12,b'AS7262',16,100,0.048719119,0.045179701,0.09513092,0.084308257,0.060907615,0.039909873,10:59:36,pos 1,0.354973045,0.146112721,0.501085766,1.58113883,1.58113883,0.014023124,0.009426134,0.016224475,0.051639241,0.061055437
Leaf: 12,b'AS7262',16,100,0.048965438,0.045852918,0.096192205,0.085280554,0.061647005,0.04085432,10:59:55,pos 2,0.354973045,0.146112721,0.501085766,1.58113883,1.58113883,0.014023124,0.009426134,0.016224475,0.051639241,0.061055437
Leaf: 12,b'AS7262',16,100,0.049018223,0.045329305,0.09513092,0.084418034,0.061077065,0.040017813,10:59:55,pos 2,0.354973045,0.146112721,0.501085766,1.58113883,1.58113883,0.014023124,0.009426134,0.016224475,0.051639241,0.061055437
Leaf: 12,b'AS7262',16,100,0.049282151,0.045977581,0.096082421,0.085280554,0.061754834,0.040773359,11:00:12,pos 3,0.354973045,0.146112721,0.501085766,1.58113883,1.58113883,0.014023124,0.009426134,0.016224475,0.051639241,0.061055437
Leaf: 12,b'AS7262',16,100,0.049299732,0.045453988,0.095149228,0.08449643,0.061246499,0.04004479,11:00:13,pos 3,0.354973045,0.146112721,0.501085766,1.58113883,1.58113883,0.014023124,0.009426134,0.016224475,0.051639241,0.061055437
Leaf: 13,b'AS7262',16,100,0.018315857,0.031665686,0.038517137,0.038986295,0.023029049,0.017081101,10:15:03,pos 1,0.314741694,0.097854126,0.41259582,1.58113883,1.58113883,0.005749174,0.010828897,0.021683268,0.013820013,0.034455038
Leaf: 13,b'AS7262',16,100,0.018351047,0.031191954,0.037858403,0.038358997,0.022674766,0.01664935,10:15:03,pos 1,0.314741694,0.097854126,0.41259582,1.58113883,1.58113883,0.005749174,0.010828897,0.021683268,0.013820013,0.034455038
Leaf: 13,b'AS7262',16,100,0.01850939,0.031790349,0.038553737,0.038986295,0.023059859,0.017350946,10:15:20,pos 2,0.314741694,0.097854126,0.41259582,1.58113883,1.58113883,0.005749174,0.010828897,0.021683268,0.013820013,0.034455038
Leaf: 13,b'AS7262',16,100,0.018526985,0.031341558,0.037876711,0.038374679,0.022720974,0.016865226,10:15:21,pos 2,0.314741694,0.097854126,0.41259582,1.58113883,1.58113883,0.005749174,0.010828897,0.021683268,0.013820013,0.034455038
Leaf: 13,b'AS7262',16,100,0.018614961,0.031865171,0.038553737,0.038986295,0.023075272,0.017377929,10:15:32,pos 3,0.314741694,0.097854126,0.41259582,1.58113883,1.58113883,0.005749174,0.010828897,0.021683268,0.013820013,0.034455038
Leaf: 13,b'AS7262',16,100,0.018632556,0.03141636,0.037876711,0.038374679,0.022736372,0.016919192,10:15:33,pos 3,0.314741694,0.097854126,0.41259582,1.58113883,1.58113883,0.005749174,0.010828897,0.021683268,0.013820013,0.034455038
Leaf: 14,b'AS7262',16,100,0.021306924,0.017278995,0.03247883,0.030298276,0.026787636,0.021479553,10:17:00,pos 1,0.294213477,0.094143423,0.388356901,1.58113883,1.58113883,0.007840599,0.018400462,0.037687264,0.014335939,0.051963492
Leaf: 14,b'AS7262',16,100,0.0213421,0.017129393,0.032094571,0.029953261,0.026510372,0.020939864,10:17:01,pos 1,0.294213477,0.094143423,0.388356901,1.58113883,1.58113883,0.007840599,0.018400462,0.037687264,0.014335939,0.051963492
Leaf: 14,b'AS7262',16,100,0.0229608,0.0177278,0.037144794,0.034767745,0.033288157,0.018916038,10:17:16,pos 2,0.294213477,0.094143423,0.388356901,1.58113883,1.58113883,0.007840599,0.018400462,0.037687264,0.014335939,0.051963492
Leaf: 14,b'AS7262',16,100,0.023083966,0.017453531,0.036394584,0.034203176,0.03282603,0.018646193,10:17:16,pos 2,0.294213477,0.094143423,0.388356901,1.58113883,1.58113883,0.007840599,0.018400462,0.037687264,0.014335939,0.051963492
Leaf: 14,b'AS7262',16,100,0.023312689,0.017877402,0.037053302,0.034830475,0.033380573,0.019482708,10:17:27,pos 3,0.294213477,0.094143423,0.388356901,1.58113883,1.58113883,0.007840599,0.018400462,0.037687264,0.014335939,0.051963492
Leaf: 14,b'AS7262',16,100,0.023471046,0.017628066,0.036376276,0.034297271,0.032980067,0.019158896,10:17:27,pos 3,0.294213477,0.094143423,0.388356901,1.58113883,1.58113883,0.007840599,0.018400462,0.037687264,0.014335939,0.051963492
Leaf: 15,b'AS7262',16,100,0.037740168,0.030793024,0.04689758,0.045039677,0.032271488,0.025041485,10:18:34,pos 1,0.436755171,0.133119712,0.569874883,1.58113883,1.58113883,0.00061887,0.004410442,0.00991359,0.004138928,0.006834176
Leaf: 15,b'AS7262',16,100,0.037687382,0.030369154,0.046202263,0.044412379,0.031840172,0.024582754,10:18:35,pos 1,0.436755171,0.133119712,0.569874883,1.58113883,1.58113883,0.00061887,0.004410442,0.00991359,0.004138928,0.006834176
Leaf: 15,b'AS7262',16,100,0.035435285,0.027950574,0.038077986,0.038845153,0.031116179,0.022639878,10:18:50,pos 2,0.436755171,0.133119712,0.569874883,1.58113883,1.58113883,0.00061887,0.004410442,0.00991359,0.004138928,0.006834176
Leaf: 15,b'AS7262',16,100,0.035804769,0.02819992,0.037858403,0.038829471,0.030607844,0.022397019,10:18:50,pos 2,0.436755171,0.133119712,0.569874883,1.58113883,1.58113883,0.00061887,0.004410442,0.00991359,0.004138928,0.006834176
Leaf: 15,b'AS7262',16,100,0.024280381,0.012367073,0.030594136,0.028651633,0.023491175,0.017000148,10:19:06,pos 3,0.436755171,0.133119712,0.569874883,1.58113883,1.58113883,0.00061887,0.004410442,0.00991359,0.004138928,0.006834176
Leaf: 15,b'AS7262',16,100,0.024227596,0.012167604,0.030063494,0.028196842,0.023044462,0.016622367,10:19:07,pos 3,0.436755171,0.133119712,0.569874883,1.58113883,1.58113883,0.00061887,0.004410442,0.00991359,0.004138928,0.006834176
Leaf: 16,b'AS7262',16,100,0.015623894,0.017029659,0.028489875,0.024997652,0.019116424,0.009444526,10:19:48,pos 1,0.495712252,0.166363171,0.662075423,1.58113883,1.58113883,0.005675209,0.00698663,0.014225281,0.0201992,0.027117894
Leaf: 16,b'AS7262',16,100,0.016046164,0.017154326,0.028746042,0.025185841,0.01937829,0.009498495,10:19:48,pos 1,0.495712252,0.166363171,0.662075423,1.58113883,1.58113883,0.005675209,0.00698663,0.014225281,0.0201992,0.027117894
Leaf: 16,b'AS7262',16,100,0.013213455,0.009474773,0.020658366,0.019963613,0.015419453,0.010712792,10:20:02,pos 2,0.495712252,0.166363171,0.662075423,1.58113883,1.58113883,0.005675209,0.00698663,0.014225281,0.0201992,0.027117894
Leaf: 16,b'AS7262',16,100,0.013301428,0.009449841,0.020237507,0.019728376,0.01514218,0.010335011,10:20:03,pos 2,0.495712252,0.166363171,0.662075423,1.58113883,1.58113883,0.005675209,0.00698663,0.014225281,0.0201992,0.027117894
Leaf: 16,b'AS7262',16,100,0.013336617,0.009624375,0.020530274,0.020010661,0.015311626,0.010496917,10:20:14,pos 3,0.495712252,0.166363171,0.662075423,1.58113883,1.58113883,0.005675209,0.00698663,0.014225281,0.0201992,0.027117894
Leaf: 16,b'AS7262',16,100,0.013248646,0.009449841,0.020109415,0.019697012,0.015049756,0.010173105,10:20:14,pos 3,0.495712252,0.166363171,0.662075423,1.58113883,1.58113883,0.005675209,0.00698663,0.014225281,0.0201992,0.027117894
Leaf: 17,b'AS7262',16,100,0.024878603,0.029197265,0.037272885,0.037245558,0.023891681,0.018565243,10:22:04,pos 1,0.409654667,0.146786234,0.556440901,1.58113883,1.58113883,0.008318534,0.012000292,0.022883827,0.022875221,0.045537159
Leaf: 17,b'AS7262',16,100,0.024931389,0.028947918,0.036833735,0.036869179,0.023614402,0.018592226,10:22:05,pos 1,0.409654667,0.146786234,0.556440901,1.58113883,1.58113883,0.008318534,0.012000292,0.022883827,0.022875221,0.045537159
Leaf: 17,b'AS7262',16,100,0.024913794,0.029297007,0.037254577,0.037261241,0.02386087,0.018781115,10:22:15,pos 2,0.409654667,0.146786234,0.556440901,1.58113883,1.58113883,0.008318534,0.012000292,0.022883827,0.022875221,0.045537159
Leaf: 17,b'AS7262',16,100,0.024913794,0.028922998,0.036778843,0.036806449,0.023583607,0.018484287,10:22:16,pos 2,0.409654667,0.146786234,0.556440901,1.58113883,1.58113883,0.008318534,0.012000292,0.022883827,0.022875221,0.045537159
Leaf: 17,b'AS7262',16,100,0.024896198,0.029297007,0.037199685,0.037214193,0.023845473,0.018700162,10:22:26,pos 3,0.409654667,0.146786234,0.556440901,1.58113883,1.58113883,0.008318534,0.012000292,0.022883827,0.022875221,0.045537159
Leaf: 17,b'AS7262',16,100,0.024896198,0.028922998,0.036760535,0.036806449,0.023568194,0.01843032,10:22:27,pos 3,0.409654667,0.146786234,0.556440901,1.58113883,1.58113883,0.008318534,0.012000292,0.022883827,0.022875221,0.045537159
Leaf: 18,b'AS7262',16,100,0.007125765,0.011419595,0.025031563,0.021594573,0.012277028,0.006881013,10:23:53,pos 1,0.389945874,0.147060036,0.53700591,1.58113883,1.58113883,0.007548973,0.014216997,0.02839517,0.017756564,0.045408826
Leaf: 18,b'AS7262',16,100,0.007213738,0.011469463,0.024866888,0.021516161,0.012246219,0.006961966,10:23:54,pos 1,0.389945874,0.147060036,0.53700591,1.58113883,1.58113883,0.007548973,0.014216997,0.02839517,0.017756564,0.045408826
Leaf: 18,b'AS7262',16,100,0.007759167,0.011394663,0.02450092,0.021500479,0.015635116,0.006044497,10:24:06,pos 2,0.389945874,0.147060036,0.53700591,1.58113883,1.58113883,0.007548973,0.014216997,0.02839517,0.017756564,0.045408826
Leaf: 18,b'AS7262',16,100,0.007847139,0.011319861,0.024281353,0.021359336,0.015604305,0.006017514,10:24:07,pos 2,0.389945874,0.147060036,0.53700591,1.58113883,1.58113883,0.007548973,0.014216997,0.02839517,0.017756564,0.045408826
Leaf: 18,b'AS7262',16,100,0.007882328,0.011494397,0.024665612,0.021672986,0.015850758,0.006044497,10:24:17,pos 3,0.389945874,0.147060036,0.53700591,1.58113883,1.58113883,0.007548973,0.014216997,0.02839517,0.017756564,0.045408826
Leaf: 18,b'AS7262',16,100,0.007882328,0.011394663,0.024372845,0.021453431,0.015727532,0.005963544,10:24:18,pos 3,0.389945874,0.147060036,0.53700591,1.58113883,1.58113883,0.007548973,0.014216997,0.02839517,0.017756564,0.045408826
Leaf: 19,b'AS7262',16,100,0.056056011,0.046775461,0.089696439,0.084465065,0.083967474,0.047492476,12:04:06,pos 1,0.203465658,0.056250523,0.25971618,1.58113883,1.58113883,0.002244549,0.008108329,0.01751399,0.005679976,0.01754752
Leaf: 19,b'AS7262',16,100,0.056900551,0.046301729,0.088342404,0.083571181,0.08352076,0.046413113,12:04:07,pos 1,0.203465658,0.056250523,0.25971618,1.58113883,1.58113883,0.002244549,0.008108329,0.01751399,0.005679976,0.01754752
Leaf: 19,b'AS7262',16,100,0.062636352,0.049343625,0.090281973,0.086927196,0.087741459,0.052673469,12:05:32,pos 2,0.203465658,0.056250523,0.25971618,1.58113883,1.58113883,0.002244549,0.008108329,0.01751399,0.005679976,0.01754752
Leaf: 19,b'AS7262',16,100,0.062935456,0.048670428,0.089019413,0.0859549,0.087017466,0.051378228,12:05:33,pos 2,0.203465658,0.056250523,0.25971618,1.58113883,1.58113883,0.002244549,0.008108329,0.01751399,0.005679976,0.01754752
Leaf: 19,b'AS7262',16,100,0.063568868,0.049617891,0.090062406,0.087036973,0.088095772,0.05205284,12:05:50,pos 3,0.203465658,0.056250523,0.25971618,1.58113883,1.58113883,0.002244549,0.008108329,0.01751399,0.005679976,0.01754752
Leaf: 19,b'AS7262',16,100,0.064237456,0.048820012,0.088690062,0.086221485,0.087710648,0.051594106,12:05:50,pos 3,0.203465658,0.056250523,0.25971618,1.58113883,1.58113883,0.002244549,0.008108329,0.01751399,0.005679976,0.01754752
Leaf: 20,b'AS7262',16,100,0.052537131,0.065301141,0.125285906,0.113728315,0.077682626,0.050055981,12:06:55,pos 1,0.218900649,0.061822486,0.280723135,1.58113883,1.58113883,0.003478074,0.00807075,0.016616094,0.007336139,0.022641451
Leaf: 20,b'AS7262',16,100,0.052501941,0.064503261,0.124059946,0.11267759,0.07711267,0.048328984,12:06:56,pos 1,0.218900649,0.061822486,0.280723135,1.58113883,1.58113883,0.003478074,0.00807075,0.016616094,0.007336139,0.022641451
Leaf: 20,b'AS7262',16,100,0.052607498,0.065151537,0.125121214,0.11350876,0.077651816,0.04894964,12:07:14,pos 2,0.218900649,0.061822486,0.280723135,1.58113883,1.58113883,0.003478074,0.00807075,0.016616094,0.007336139,0.022641451
Leaf: 20,b'AS7262',16,100,0.052677878,0.064253935,0.123803779,0.112583511,0.07725131,0.048140111,12:07:14,pos 2,0.218900649,0.061822486,0.280723135,1.58113883,1.58113883,0.003478074,0.00807075,0.016616094,0.007336139,0.022641451
Leaf: 20,b'AS7262',16,100,0.05280103,0.065001933,0.125066322,0.113587173,0.077898284,0.049030574,12:07:35,pos 3,0.218900649,0.061822486,0.280723135,1.58113883,1.58113883,0.003478074,0.00807075,0.016616094,0.007336139,0.022641451
Leaf: 20,b'AS7262',16,100,0.052889006,0.064179133,0.123767179,0.11255213,0.077451555,0.048355989,12:07:35,pos 3,0.218900649,0.061822486,0.280723135,1.58113883,1.58113883,0.003478074,0.00807075,0.016616094,0.007336139,0.022641451
Leaf: 21,b'AS7262',16,100,0.066049689,0.048570686,0.075753422,0.072515126,0.056640693,0.045873418,12:08:35,pos 1,0.451523099,0.142544288,0.594067387,1.58113883,1.58113883,0.006035478,0.007278599,0.015328104,0.022803611,0.02759513
Leaf: 21,b'AS7262',16,100,0.065750585,0.047972271,0.074856813,0.071731019,0.055793473,0.044524193,12:08:35,pos 1,0.451523099,0.142544288,0.594067387,1.58113883,1.58113883,0.006035478,0.007278599,0.015328104,0.022803611,0.02759513
Leaf: 21,b'AS7262',16,100,0.066067284,0.048570686,0.075643622,0.072436714,0.056378827,0.045360728,12:08:52,pos 2,0.451523099,0.142544288,0.594067387,1.58113883,1.58113883,0.006035478,0.007278599,0.015328104,0.022803611,0.02759513
Leaf: 21,b'AS7262',16,100,0.066032079,0.047872548,0.07474703,0.071668289,0.055839681,0.044443259,12:08:53,pos 2,0.451523099,0.142544288,0.594067387,1.58113883,1.58113883,0.006035478,0.007278599,0.015328104,0.022803611,0.02759513
Leaf: 21,b'AS7262',16,100,0.066507135,0.048645487,0.075771714,0.072530808,0.056563674,0.045549601,12:09:12,pos 3,0.451523099,0.142544288,0.594067387,1.58113883,1.58113883,0.006035478,0.007278599,0.015328104,0.022803611,0.02759513
Leaf: 21,b'AS7262',16,100,0.066454364,0.047847608,0.074710446,0.071652607,0.056009116,0.044578176,12:09:12,pos 3,0.451523099,0.142544288,0.594067387,1.58113883,1.58113883,0.006035478,0.007278599,0.015328104,0.022803611,0.02759513
Leaf: 22,b'AS7262',16,100,0.033235972,0.042137806,0.075972989,0.066979265,0.043870737,0.024879579,12:09:50,pos 1,0.395272613,0.122330018,0.517602631,1.58113883,1.58113883,0.007891641,0.016304693,0.03315471,0.018394491,0.048812729
Leaf: 22,b'AS7262',16,100,0.033218377,0.041713935,0.075131288,0.066367665,0.043424008,0.023854174,12:09:50,pos 1,0.395272613,0.122330018,0.517602631,1.58113883,1.58113883,0.007891641,0.016304693,0.03315471,0.018394491,0.048812729
Leaf: 22,b'AS7262',16,100,0.033323948,0.042437013,0.076174265,0.067230184,0.043901548,0.024312909,12:10:08,pos 2,0.395272613,0.122330018,0.517602631,1.58113883,1.58113883,0.007891641,0.016304693,0.03315471,0.018394491,0.048812729
Leaf: 22,b'AS7262',16,100,0.033323948,0.0419134,0.07525938,0.066555855,0.043531837,0.023773222,12:10:08,pos 2,0.395272613,0.122330018,0.517602631,1.58113883,1.58113883,0.007891641,0.016304693,0.03315471,0.018394491,0.048812729
Leaf: 22,b'AS7262',16,100,0.033411924,0.042636478,0.076210865,0.067339962,0.043947756,0.024043067,12:10:25,pos 3,0.395272613,0.122330018,0.517602631,1.58113883,1.58113883,0.007891641,0.016304693,0.03315471,0.018394491,0.048812729
Leaf: 22,b'AS7262',16,100,0.033429519,0.042137806,0.075387472,0.066728346,0.043639666,0.023746238,12:10:26,pos 3,0.395272613,0.122330018,0.517602631,1.58113883,1.58113883,0.007891641,0.016304693,0.03315471,0.018394491,0.048812729
Leaf: 23,b'AS7262',16,100,0.03874305,0.021393051,0.049367808,0.044631933,0.039680834,0.028495475,12:11:17,pos 1,0.432937982,0.166824577,0.599762559,1.58113883,1.58113883,0.00764055,0.008560841,0.015658558,0.024010325,0.038342288
Leaf: 23,b'AS7262',16,100,0.039253296,0.021268368,0.049752067,0.04480444,0.039157101,0.028495475,12:11:17,pos 1,0.432937982,0.166824577,0.599762559,1.58113883,1.58113883,0.00764055,0.008560841,0.015658558,0.024010325,0.038342288
Leaf: 23,b'AS7262',16,100,0.039323663,0.021492773,0.050191217,0.04518082,0.039434365,0.028792314,12:11:34,pos 2,0.432937982,0.166824577,0.599762559,1.58113883,1.58113883,0.00764055,0.008560841,0.015658558,0.024010325,0.038342288
Leaf: 23,b'AS7262',16,100,0.039270877,0.021218507,0.049715467,0.044788758,0.039080083,0.028252619,12:11:35,pos 2,0.432937982,0.166824577,0.599762559,1.58113883,1.58113883,0.00764055,0.008560841,0.015658558,0.024010325,0.038342288
Leaf: 23,b'AS7262',16,100,0.039376448,0.021442912,0.050063126,0.045102407,0.039357346,0.02852248,12:11:51,pos 3,0.432937982,0.166824577,0.599762559,1.58113883,1.58113883,0.00764055,0.008560841,0.015658558,0.024010325,0.038342288
Leaf: 23,b'AS7262',16,100,0.039323663,0.021193566,0.049660575,0.044773076,0.039110878,0.02814468,12:11:52,pos 3,0.432937982,0.166824577,0.599762559,1.58113883,1.58113883,0.00764055,0.008560841,0.015658558,0.024010325,0.038342288
Leaf: 24,b'AS7262',16,100,0.082746846,0.075274588,0.091727516,0.100664936,0.070997273,0.063979929,12:12:46,pos 1,0.571122523,0.193581982,0.764704505,1.58113883,1.58113883,0.002732215,0.005587039,0.011559522,0.007611881,0.016272241
Leaf: 24,b'AS7262',16,100,0.083591386,0.07455151,0.091636024,0.100257192,0.07098186,0.063494189,12:12:47,pos 1,0.571122523,0.193581982,0.764704505,1.58113883,1.58113883,0.002732215,0.005587039,0.011559522,0.007611881,0.016272241
Leaf: 24,b'AS7262',16,100,0.083749729,0.075474053,0.092550925,0.101213806,0.07172125,0.064114846,12:13:05,pos 2,0.571122523,0.193581982,0.764704505,1.58113883,1.58113883,0.002732215,0.005587039,0.011559522,0.007611881,0.016272241
Leaf: 24,b'AS7262',16,100,0.083996061,0.07452657,0.091782408,0.100382652,0.071274537,0.063116416,12:13:05,pos 2,0.571122523,0.193581982,0.764704505,1.58113883,1.58113883,0.002732215,0.005587039,0.011559522,0.007611881,0.016272241
Leaf: 24,b'AS7262',16,100,0.084031252,0.075374311,0.092514325,0.101198124,0.071875287,0.063791029,12:13:22,pos 3,0.571122523,0.193581982,0.764704505,1.58113883,1.58113883,0.002732215,0.005587039,0.011559522,0.007611881,0.016272241
Leaf: 24,b'AS7262',16,100,0.084224785,0.074501649,0.091745808,0.100382652,0.071366953,0.063035455,12:13:23,pos 3,0.571122523,0.193581982,0.764704505,1.58113883,1.58113883,0.002732215,0.005587039,0.011559522,0.007611881,0.016272241
Leaf: 25,b'AS7262',16,100,0.016257306,0.01690499,0.041298424,0.036728037,0.028697748,0.019293819,9:58:50,pos 1,0.234857261,0.068349045,0.303206306,1.58113883,1.58113883,0.006797205,0.007243135,0.013073002,0.021676275,0.03366759
Leaf: 25,b'AS7262',16,100,0.016257306,0.016580856,0.040548198,0.036147786,0.028281829,0.018700162,9:58:50,pos 1,0.234857261,0.068349045,0.303206306,1.58113883,1.58113883,0.006797205,0.007243135,0.013073002,0.021676275,0.03366759
Leaf: 25,b'AS7262',16,100,0.016574005,0.016979791,0.041298424,0.036759402,0.028805577,0.019482708,9:59:25,pos 2,0.234857261,0.068349045,0.303206306,1.58113883,1.58113883,0.006797205,0.007243135,0.013073002,0.021676275,0.03366759
Leaf: 25,b'AS7262',16,100,0.01655641,0.016630721,0.040566506,0.036179151,0.028420469,0.018943021,9:59:25,pos 2,0.234857261,0.068349045,0.303206306,1.58113883,1.58113883,0.006797205,0.007243135,0.013073002,0.021676275,0.03366759
Leaf: 25,b'AS7262',16,100,0.016661967,0.017029659,0.041243532,0.036712354,0.028805577,0.019320802,9:59:35,pos 3,0.234857261,0.068349045,0.303206306,1.58113883,1.58113883,0.006797205,0.007243135,0.013073002,0.021676275,0.03366759
Leaf: 25,b'AS7262',16,100,0.016679562,0.016730455,0.040621398,0.036210516,0.028451279,0.018943021,9:59:36,pos 3,0.234857261,0.068349045,0.303206306,1.58113883,1.58113883,0.006797205,0.007243135,0.013073002,0.021676275,0.03366759
Leaf: 26,b'AS7262',16,100,0.012914349,0.017677933,0.044390769,0.039942909,0.030962142,0.01670332,10:00:19,pos 1,0.176267532,0.038262775,0.214530306,1.58113883,1.58113883,0.002640644,0.006005248,0.012357715,0.00581863,0.016980838
Leaf: 26,b'AS7262',16,100,0.012879161,0.017378729,0.043658851,0.039299945,0.030453807,0.016244585,10:00:19,pos 1,0.176267532,0.038262775,0.214530306,1.58113883,1.58113883,0.002640644,0.006005248,0.012357715,0.00581863,0.016980838
Leaf: 26,b'AS7262',16,100,0.012967133,0.017777667,0.044427369,0.039927227,0.030962142,0.016730306,10:00:31,pos 2,0.176267532,0.038262775,0.214530306,1.58113883,1.58113883,0.002640644,0.006005248,0.012357715,0.00581863,0.016980838
Leaf: 26,b'AS7262',16,100,0.012984727,0.017428597,0.043695451,0.03933131,0.030577034,0.016244585,10:00:32,pos 2,0.176267532,0.038262775,0.214530306,1.58113883,1.58113883,0.002640644,0.006005248,0.012357715,0.00581863,0.016980838
Leaf: 26,b'AS7262',16,100,0.013037512,0.017777667,0.044409077,0.039911544,0.031023763,0.016622367,10:00:42,pos 3,0.176267532,0.038262775,0.214530306,1.58113883,1.58113883,0.002640644,0.006005248,0.012357715,0.00581863,0.016980838
Leaf: 26,b'AS7262',16,100,0.013055106,0.017428597,0.04364056,0.039299945,0.030638655,0.016190616,10:00:43,pos 3,0.176267532,0.038262775,0.214530306,1.58113883,1.58113883,0.002640644,0.006005248,0.012357715,0.00581863,0.016980838
Leaf: 27,b'AS7262',16,100,0.03304244,0.027601505,0.040731181,0.041260236,0.036569205,0.021371614,10:01:45,pos 1,0.344753081,0.107323243,0.452076324,1.58113883,1.58113883,0.002832843,0.007543076,0.015857903,0.006356874,0.019292682
Leaf: 27,b'AS7262',16,100,0.033060035,0.027152714,0.040109064,0.040632938,0.036060886,0.020993833,10:01:46,pos 1,0.344753081,0.107323243,0.452076324,1.58113883,1.58113883,0.002832843,0.007543076,0.015857903,0.006356874,0.019292682
Leaf: 27,b'AS7262',16,100,0.03307763,0.027426981,0.040511614,0.040977952,0.03639977,0.021182722,10:01:57,pos 2,0.344753081,0.107323243,0.452076324,1.58113883,1.58113883,0.002832843,0.007543076,0.015857903,0.006356874,0.019292682
Leaf: 27,b'AS7262',16,100,0.03307763,0.02697817,0.03988948,0.040397701,0.035937644,0.020804941,10:01:57,pos 2,0.344753081,0.107323243,0.452076324,1.58113883,1.58113883,0.002832843,0.007543076,0.015857903,0.006356874,0.019292682
Leaf: 27,b'AS7262',16,100,0.03311282,0.027302298,0.040328631,0.040789762,0.036291941,0.02096685,10:02:07,pos 3,0.344753081,0.107323243,0.452076324,1.58113883,1.58113883,0.002832843,0.007543076,0.015857903,0.006356874,0.019292682
Leaf: 27,b'AS7262',16,100,0.03307763,0.026853507,0.039743097,0.040240876,0.035860625,0.020697005,10:02:08,pos 3,0.344753081,0.107323243,0.452076324,1.58113883,1.58113883,0.002832843,0.007543076,0.015857903,0.006356874,0.019292682
Leaf: 28,b'AS7262',16,100,0.017031452,0.017528331,0.034802658,0.031129446,0.022628543,0.011549307,10:02:46,pos 1,0.43767791,0.131288072,0.568965982,1.58113883,1.58113883,0.004877192,0.005128158,0.009338291,0.015849623,0.023905017
Leaf: 28,b'AS7262',16,100,0.017189808,0.017503398,0.034473291,0.030894209,0.022412885,0.011414385,10:02:47,pos 1,0.43767791,0.131288072,0.568965982,1.58113883,1.58113883,0.004877192,0.005128158,0.009338291,0.015849623,0.023905017
Leaf: 28,b'AS7262',16,100,0.017242594,0.017827534,0.034967349,0.031333302,0.022705561,0.011576291,10:02:57,pos 2,0.43767791,0.131288072,0.568965982,1.58113883,1.58113883,0.004877192,0.005128158,0.009338291,0.015849623,0.023905017
Leaf: 28,b'AS7262',16,100,0.017295379,0.017603133,0.034528182,0.030988304,0.022459108,0.011360415,10:02:58,pos 2,0.43767791,0.131288072,0.568965982,1.58113883,1.58113883,0.004877192,0.005128158,0.009338291,0.015849623,0.023905017
Leaf: 28,b'AS7262',16,100,0.017348165,0.017927269,0.035077133,0.031458762,0.022782595,0.011603274,10:03:09,pos 3,0.43767791,0.131288072,0.568965982,1.58113883,1.58113883,0.004877192,0.005128158,0.009338291,0.015849623,0.023905017
Leaf: 28,b'AS7262',16,100,0.01736576,0.017677933,0.034564782,0.031066716,0.022505316,0.011414385,10:03:10,pos 3,0.43767791,0.131288072,0.568965982,1.58113883,1.58113883,0.004877192,0.005128158,0.009338291,0.015849623,0.023905017
Leaf: 29,b'AS7262',16,100,0.030332881,0.032812634,0.03822437,0.038045348,0.028405071,0.023881158,10:03:53,pos 1,0.518858883,0.179110775,0.697969658,1.58113883,1.58113883,0.006162548,0.010166366,0.020201022,0.017119828,0.034609747
Leaf: 29,b'AS7262',16,100,0.030491238,0.032363823,0.037913311,0.037747397,0.028143205,0.023800208,10:03:53,pos 1,0.518858883,0.179110775,0.697969658,1.58113883,1.58113883,0.006162548,0.010166366,0.020201022,0.017119828,0.034609747
Leaf: 29,b'AS7262',16,100,0.030526428,0.032837575,0.038480537,0.038264902,0.028528298,0.024097036,10:04:04,pos 2,0.518858883,0.179110775,0.697969658,1.58113883,1.58113883,0.006162548,0.010166366,0.020201022,0.017119828,0.034609747
Leaf: 29,b'AS7262',16,100,0.030596809,0.032413705,0.038004803,0.037825793,0.028235621,0.023719252,10:04:05,pos 2,0.518858883,0.179110775,0.697969658,1.58113883,1.58113883,0.006162548,0.010166366,0.020201022,0.017119828,0.034609747
Leaf: 29,b'AS7262',16,100,0.030579214,0.032862496,0.038535429,0.038311949,0.028605316,0.023989094,10:04:16,pos 3,0.518858883,0.179110775,0.697969658,1.58113883,1.58113883,0.006162548,0.010166366,0.020201022,0.017119828,0.034609747
Leaf: 29,b'AS7262',16,100,0.030684771,0.032438625,0.038059695,0.037857158,0.028281829,0.023692271,10:04:16,pos 3,0.518858883,0.179110775,0.697969658,1.58113883,1.58113883,0.006162548,0.010166366,0.020201022,0.017119828,0.034609747
Leaf: 30,b'AS7262',16,100,0.01425153,0.007604753,0.014931108,0.013141799,0.012431066,0.016271569,10:04:46,pos 1,0.426575171,0.153834306,0.580409477,1.58113883,1.58113883,0.002786216,0.009028677,0.019225281,0.005309688,0.021074322
Leaf: 30,b'AS7262',16,100,0.014198747,0.007554886,0.014784726,0.013000657,0.012292431,0.016163633,10:04:47,pos 1,0.426575171,0.153834306,0.580409477,1.58113883,1.58113883,0.002786216,0.009028677,0.019225281,0.005309688,0.021074322
Leaf: 30,b'AS7262',16,100,0.014233935,0.007629687,0.014967704,0.013141799,0.012461875,0.016244585,10:04:57,pos 2,0.426575171,0.153834306,0.580409477,1.58113883,1.58113883,0.002786216,0.009028677,0.019225281,0.005309688,0.021074322
Leaf: 30,b'AS7262',16,100,0.014198747,0.007554886,0.014766427,0.012984976,0.012292431,0.016055693,10:04:58,pos 2,0.426575171,0.153834306,0.580409477,1.58113883,1.58113883,0.002786216,0.009028677,0.019225281,0.005309688,0.021074322
Leaf: 30,b'AS7262',16,100,0.014233935,0.007604753,0.014949408,0.013126116,0.012446472,0.016163633,10:05:08,pos 3,0.426575171,0.153834306,0.580409477,1.58113883,1.58113883,0.002786216,0.009028677,0.019225281,0.005309688,0.021074322
Leaf: 30,b'AS7262',16,100,0.014181152,0.007529953,0.014748129,0.012969293,0.012292431,0.015974741,10:05:09,pos 3,0.426575171,0.153834306,0.580409477,1.58113883,1.58113883,0.002786216,0.009028677,0.019225281,0.005309688,0.021074322
Leaf: 31,b'AS7262',16,100,0.021324519,0.020345825,0.033412023,0.035128442,0.025308856,0.02029224,10:11:03,pos 1,0.268622847,0.083031928,0.351654775,1.58113883,1.58113883,0.007741253,0.011751298,0.022603025,0.020624994,0.043158955
Leaf: 31,b'AS7262',16,100,0.02137729,0.02007156,0.032917964,0.034689333,0.025016179,0.019833506,10:11:04,pos 1,0.268622847,0.083031928,0.351654775,1.58113883,1.58113883,0.007741253,0.011751298,0.022603025,0.020624994,0.043158955
Leaf: 31,b'AS7262',16,100,0.021606028,0.020495429,0.033851173,0.035551852,0.025663138,0.020589068,10:12:31,pos 2,0.268622847,0.083031928,0.351654775,1.58113883,1.58113883,0.007741253,0.011751298,0.022603025,0.020624994,0.043158955
Leaf: 31,b'AS7262',16,100,0.021623623,0.02014636,0.033192439,0.034971617,0.025293443,0.019941442,10:12:31,pos 2,0.268622847,0.083031928,0.351654775,1.58113883,1.58113883,0.007741253,0.011751298,0.022603025,0.020624994,0.043158955
Leaf: 31,b'AS7262',16,100,0.021641218,0.020495429,0.033796281,0.035489138,0.025632343,0.020373193,10:12:42,pos 3,0.268622847,0.083031928,0.351654775,1.58113883,1.58113883,0.007741253,0.011751298,0.022603025,0.020624994,0.043158955
Leaf: 31,b'AS7262',16,100,0.021693989,0.020221162,0.033283931,0.035002982,0.025324253,0.019995412,10:12:43,pos 3,0.268622847,0.083031928,0.351654775,1.58113883,1.58113883,0.007741253,0.011751298,0.022603025,0.020624994,0.043158955
Leaf: 32,b'AS7262',16,100,0.067809136,0.048570686,0.091672624,0.086064661,0.076265451,0.056019525,10:13:52,pos 1,0.230459495,0.06413182,0.294591315,1.58113883,1.58113883,0.001154556,0.002605379,0.00566839,0.00428745,0.006464188
Leaf: 32,b'AS7262',16,100,0.068284177,0.047698004,0.090227081,0.084857127,0.075834135,0.054211567,10:13:52,pos 1,0.230459495,0.06413182,0.294591315,1.58113883,1.58113883,0.001154556,0.002605379,0.00566839,0.00428745,0.006464188
Leaf: 32,b'AS7262',16,100,0.06893517,0.048695349,0.091855591,0.086190136,0.077035652,0.055884609,10:14:13,pos 2,0.230459495,0.06413182,0.294591315,1.58113883,1.58113883,0.001154556,0.002605379,0.00566839,0.00428745,0.006464188
Leaf: 32,b'AS7262',16,100,0.069163908,0.047698004,0.090300281,0.084951222,0.076450283,0.054535384,10:14:13,pos 2,0.230459495,0.06413182,0.294591315,1.58113883,1.58113883,0.001154556,0.002605379,0.00566839,0.00428745,0.006464188
Leaf: 32,b'AS7262',16,100,0.069621368,0.048545745,0.091782408,0.08612739,0.077482366,0.055911586,10:14:32,pos 3,0.230459495,0.06413182,0.294591315,1.58113883,1.58113883,0.001154556,0.002605379,0.00566839,0.00428745,0.006464188
Leaf: 32,b'AS7262',16,100,0.06974452,0.047623202,0.090281973,0.084919857,0.076804596,0.054778267,10:14:33,pos 3,0.230459495,0.06413182,0.294591315,1.58113883,1.58113883,0.001154556,0.002605379,0.00566839,0.00428745,0.006464188
Leaf: 33,b'AS7262',16,100,0.028485473,0.038547357,0.051215902,0.0518615,0.029159859,0.023476393,10:16:20,pos 1,0.372408721,0.137123315,0.509532036,1.58113883,1.58113883,0.011404955,0.012173537,0.023376531,0.039237306,0.054360388
Leaf: 33,b'AS7262',16,100,0.028450283,0.037948962,0.050429093,0.051124425,0.028728558,0.022990676,10:16:20,pos 1,0.372408721,0.137123315,0.509532036,1.58113883,1.58113883,0.011404955,0.012173537,0.023376531,0.039237306,0.054360388
Leaf: 33,b'AS7262',16,100,0.028467863,0.038497495,0.05108781,0.051736041,0.02908284,0.023422426,10:16:30,pos 2,0.372408721,0.137123315,0.509532036,1.58113883,1.58113883,0.011404955,0.012173537,0.023376531,0.039237306,0.054360388
Leaf: 33,b'AS7262',16,100,0.028503054,0.037948962,0.050392493,0.051108742,0.028743956,0.022936709,10:16:31,pos 2,0.372408721,0.137123315,0.509532036,1.58113883,1.58113883,0.011404955,0.012173537,0.023376531,0.039237306,0.054360388
Leaf: 33,b'AS7262',16,100,0.028538244,0.038547357,0.05112441,0.051767389,0.029113651,0.023314487,10:16:42,pos 3,0.372408721,0.137123315,0.509532036,1.58113883,1.58113883,0.011404955,0.012173537,0.023376531,0.039237306,0.054360388
Leaf: 33,b'AS7262',16,100,0.028538244,0.037973903,0.050392493,0.051108742,0.028759353,0.022909723,10:16:42,pos 3,0.372408721,0.137123315,0.509532036,1.58113883,1.58113883,0.011404955,0.012173537,0.023376531,0.039237306,0.054360388
Leaf: 34,b'AS7262',16,100,0.024614675,0.018301272,0.027209024,0.028902553,0.020949502,0.017054115,10:17:21,pos 1,0.563231568,0.175103135,0.738334703,1.58113883,1.58113883,0.004838181,0.01221278,0.025638487,0.011778681,0.031890777
Leaf: 34,b'AS7262',16,100,0.024685056,0.018076871,0.026861365,0.028510491,0.020733844,0.016946178,10:17:21,pos 1,0.563231568,0.175103135,0.738334703,1.58113883,1.58113883,0.004838181,0.01221278,0.025638487,0.011778681,0.031890777
Leaf: 34,b'AS7262',16,100,0.024737842,0.018251407,0.027172424,0.028792775,0.020964915,0.017081101,10:17:31,pos 2,0.563231568,0.175103135,0.738334703,1.58113883,1.58113883,0.004838181,0.01221278,0.025638487,0.011778681,0.031890777
Leaf: 34,b'AS7262',16,100,0.024773032,0.018002069,0.026806457,0.028432079,0.020733844,0.016865226,10:17:31,pos 2,0.563231568,0.175103135,0.738334703,1.58113883,1.58113883,0.004838181,0.01221278,0.025638487,0.011778681,0.031890777
Leaf: 34,b'AS7262',16,100,0.024843413,0.018251407,0.027154115,0.028777093,0.020995726,0.017081101,10:17:42,pos 3,0.563231568,0.175103135,0.738334703,1.58113883,1.58113883,0.004838181,0.01221278,0.025638487,0.011778681,0.031890777
Leaf: 34,b'AS7262',16,100,0.024861008,0.018002069,0.026806457,0.028432079,0.020749257,0.016892212,10:17:42,pos 3,0.563231568,0.175103135,0.738334703,1.58113883,1.58113883,0.004838181,0.01221278,0.025638487,0.011778681,0.031890777
Leaf: 35,b'AS7262',16,100,0.012562459,0.004014312,0.008801302,0.007919581,0.013493947,0.012115978,10:18:25,pos 1,0.467532757,0.179401081,0.646933838,1.58113883,1.58113883,0.007438078,0.008155182,0.015175098,0.024266587,0.036587324
Leaf: 35,b'AS7262',16,100,0.012685621,0.004039246,0.008728112,0.007872533,0.013447736,0.012169947,10:18:26,pos 1,0.467532757,0.179401081,0.646933838,1.58113883,1.58113883,0.007438078,0.008155182,0.015175098,0.024266587,0.036587324
Leaf: 35,b'AS7262',16,100,0.012738405,0.004064179,0.008856197,0.007966628,0.013617179,0.012331853,10:18:36,pos 2,0.467532757,0.179401081,0.646933838,1.58113883,1.58113883,0.007438078,0.008155182,0.015175098,0.024266587,0.036587324
Leaf: 35,b'AS7262',16,100,0.012773593,0.004039246,0.008746409,0.007888216,0.013509352,0.012142964,10:18:37,pos 2,0.467532757,0.179401081,0.646933838,1.58113883,1.58113883,0.007438078,0.008155182,0.015175098,0.024266587,0.036587324
Leaf: 35,b'AS7262',16,100,0.012791188,0.004064179,0.008837899,0.007966628,0.013663391,0.012277884,10:18:47,pos 3,0.467532757,0.179401081,0.646933838,1.58113883,1.58113883,0.007438078,0.008155182,0.015175098,0.024266587,0.036587324
Leaf: 35,b'AS7262',16,100,0.012808783,0.004039246,0.008746409,0.007888216,0.013540159,0.012115978,10:18:47,pos 3,0.467532757,0.179401081,0.646933838,1.58113883,1.58113883,0.007438078,0.008155182,0.015175098,0.024266587,0.036587324
Leaf: 36,b'AS7262',16,100,0.005190372,0.00565993,0.014162595,0.012138129,0.008102529,0.00426353,10:19:17,pos 1,0.44446836,0.156657225,0.601125586,1.58113883,1.58113883,0.006829934,0.01451575,0.029553613,0.015188499,0.042908927
Leaf: 36,b'AS7262',16,100,0.005278345,0.00565993,0.014071105,0.012059717,0.008117933,0.004452419,10:19:17,pos 1,0.44446836,0.156657225,0.601125586,1.58113883,1.58113883,0.006829934,0.01451575,0.029553613,0.015188499,0.042908927
Leaf: 36,b'AS7262',16,100,0.005295939,0.005684865,0.014235788,0.012185177,0.008225762,0.004533372,10:19:28,pos 2,0.44446836,0.156657225,0.601125586,1.58113883,1.58113883,0.006829934,0.01451575,0.029553613,0.015188499,0.042908927
Leaf: 36,b'AS7262',16,100,0.005331128,0.00565993,0.014071105,0.012044034,0.008164146,0.004452419,10:19:29,pos 2,0.44446836,0.156657225,0.601125586,1.58113883,1.58113883,0.006829934,0.01451575,0.029553613,0.015188499,0.042908927
Leaf: 36,b'AS7262',16,100,0.005331128,0.005684865,0.014217488,0.012169494,0.00825657,0.004533372,10:19:39,pos 3,0.44446836,0.156657225,0.601125586,1.58113883,1.58113883,0.006829934,0.01451575,0.029553613,0.015188499,0.042908927
Leaf: 36,b'AS7262',16,100,0.005348723,0.005634998,0.014052808,0.012028354,0.00817955,0.004425436,10:19:40,pos 3,0.44446836,0.156657225,0.601125586,1.58113883,1.58113883,0.006829934,0.01451575,0.029553613,0.015188499,0.042908927
Leaf: 37,b'AS7262',16,100,0.01775284,0.011594132,0.039175854,0.030157133,0.031100781,0.016622367,10:27:50,pos 1,0.260813802,0.088309694,0.349123495,1.58113883,1.58113883,0.006680344,0.009805458,0.018917093,0.018752497,0.036478772
Leaf: 37,b'AS7262',16,100,0.017840801,0.01144453,0.03866352,0.029749389,0.030792692,0.016163633,10:27:51,pos 1,0.260813802,0.088309694,0.349123495,1.58113883,1.58113883,0.006680344,0.009805458,0.018917093,0.018752497,0.036478772
Leaf: 37,b'AS7262',16,100,0.018051944,0.011643997,0.039212454,0.030204181,0.031193197,0.016811256,10:29:24,pos 2,0.260813802,0.088309694,0.349123495,1.58113883,1.58113883,0.006680344,0.009805458,0.018917093,0.018752497,0.036478772
Leaf: 37,b'AS7262',16,100,0.018104729,0.01151933,0.03873672,0.029859167,0.030885123,0.016325538,10:29:24,pos 2,0.260813802,0.088309694,0.349123495,1.58113883,1.58113883,0.006680344,0.009805458,0.018917093,0.018752497,0.036478772
Leaf: 37,b'AS7262',16,100,0.018087134,0.011668932,0.039175854,0.030157133,0.031131592,0.016622367,10:29:36,pos 3,0.260813802,0.088309694,0.349123495,1.58113883,1.58113883,0.006680344,0.009805458,0.018917093,0.018752497,0.036478772
Leaf: 37,b'AS7262',16,100,0.01812231,0.011544265,0.03873672,0.029827802,0.0308389,0.016325538,10:29:37,pos 3,0.260813802,0.088309694,0.349123495,1.58113883,1.58113883,0.006680344,0.009805458,0.018917093,0.018752497,0.036478772
Leaf: 38,b'AS7262',16,100,0.027007535,0.026903368,0.055625699,0.049101403,0.041421495,0.022909723,10:31:04,pos 1,0.224939207,0.071320288,0.296259495,1.58113883,1.58113883,0.007058541,0.010276186,0.01982111,0.019976373,0.038390361
Leaf: 38,b'AS7262',16,100,0.027201067,0.026778705,0.055095056,0.048756389,0.041036387,0.022639878,10:31:05,pos 1,0.224939207,0.071320288,0.296259495,1.58113883,1.58113883,0.007058541,0.010276186,0.01982111,0.019976373,0.038390361
Leaf: 38,b'AS7262',16,100,0.027306639,0.027352179,0.056009957,0.049556194,0.041575532,0.023260521,10:31:16,pos 2,0.224939207,0.071320288,0.296259495,1.58113883,1.58113883,0.007058541,0.010276186,0.01982111,0.019976373,0.038390361
Leaf: 38,b'AS7262',16,100,0.02741221,0.027052971,0.055406115,0.04908572,0.041159614,0.022828767,10:31:17,pos 2,0.224939207,0.071320288,0.296259495,1.58113883,1.58113883,0.007058541,0.010276186,0.01982111,0.019976373,0.038390361
Leaf: 38,b'AS7262',16,100,0.027447386,0.027501783,0.056229524,0.049791431,0.041667949,0.023260521,10:31:27,pos 3,0.224939207,0.071320288,0.296259495,1.58113883,1.58113883,0.007058541,0.010276186,0.01982111,0.019976373,0.038390361
Leaf: 38,b'AS7262',16,100,0.027517766,0.027177634,0.055515915,0.049226863,0.041221235,0.022855753,10:31:28,pos 3,0.224939207,0.071320288,0.296259495,1.58113883,1.58113883,0.007058541,0.010276186,0.01982111,0.019976373,0.038390361
Leaf: 39,b'AS7262',16,100,0.014374693,0.018351141,0.023732419,0.025985631,0.016097227,0.012736618,10:32:44,pos 1,0.460356216,0.124955892,0.585312108,1.58113883,1.58113883,0.012032124,0.021778246,0.043344108,0.029616028,0.071050184
Leaf: 39,b'AS7262',16,100,0.014357098,0.018126738,0.023457944,0.025671981,0.015927792,0.012574712,10:32:45,pos 1,0.460356216,0.124955892,0.585312108,1.58113883,1.58113883,0.012032124,0.021778246,0.043344108,0.029616028,0.071050184
Leaf: 39,b'AS7262',16,100,0.014357098,0.01827634,0.023750711,0.025907218,0.016081829,0.012763604,10:32:56,pos 2,0.460356216,0.124955892,0.585312108,1.58113883,1.58113883,0.012032124,0.021778246,0.043344108,0.029616028,0.071050184
Leaf: 39,b'AS7262',16,100,0.014357098,0.018027003,0.023384744,0.025562204,0.015866171,0.012466773,10:32:56,pos 2,0.460356216,0.124955892,0.585312108,1.58113883,1.58113883,0.012032124,0.021778246,0.043344108,0.029616028,0.071050184
Leaf: 39,b'AS7262',16,100,0.014374693,0.018251407,0.023659219,0.025828806,0.016035621,0.012574712,10:33:06,pos 3,0.460356216,0.124955892,0.585312108,1.58113883,1.58113883,0.012032124,0.021778246,0.043344108,0.029616028,0.071050184
Leaf: 39,b'AS7262',16,100,0.014374693,0.017977136,0.023311561,0.025515173,0.015850758,0.01238582,10:33:06,pos 3,0.460356216,0.124955892,0.585312108,1.58113883,1.58113883,0.012032124,0.021778246,0.043344108,0.029616028,0.071050184
Leaf: 40,b'AS7262',16,100,0.013882047,0.005610063,0.012479186,0.011557883,0.012246219,0.010550886,10:34:12,pos 1,0.465439207,0.133533261,0.598972468,1.58113883,1.58113883,0.004929807,0.006192334,0.011946804,0.015748668,0.024991545
Leaf: 40,b'AS7262',16,100,0.014022801,0.005610063,0.012387696,0.011479471,0.012230815,0.010631839,10:34:13,pos 1,0.465439207,0.133533261,0.598972468,1.58113883,1.58113883,0.004929807,0.006192334,0.011946804,0.015748668,0.024991545
Leaf: 40,b'AS7262',16,100,0.014075585,0.00565993,0.012552378,0.011620611,0.012431066,0.010793745,10:34:25,pos 2,0.465439207,0.133533261,0.598972468,1.58113883,1.58113883,0.004929807,0.006192334,0.011946804,0.015748668,0.024991545
Leaf: 40,b'AS7262',16,100,0.014110775,0.005610063,0.012387696,0.011479471,0.012323239,0.010577869,10:34:25,pos 2,0.465439207,0.133533261,0.598972468,1.58113883,1.58113883,0.004929807,0.006192334,0.011946804,0.015748668,0.024991545
Leaf: 40,b'AS7262',16,100,0.014128369,0.00565993,0.01253408,0.01160493,0.012461875,0.010658822,10:34:36,pos 3,0.465439207,0.133533261,0.598972468,1.58113883,1.58113883,0.004929807,0.006192334,0.011946804,0.015748668,0.024991545
Leaf: 40,b'AS7262',16,100,0.014163558,0.005610063,0.012387696,0.011479471,0.012369452,0.0105239,10:34:36,pos 3,0.465439207,0.133533261,0.598972468,1.58113883,1.58113883,0.004929807,0.006192334,0.011946804,0.015748668,0.024991545
Leaf: 41,b'AS7262',16,100,0.011207685,0.013364418,0.025891572,0.021186846,0.018561881,0.008688963,10:35:40,pos 1,0.428089117,0.16043582,0.588524937,1.58113883,1.58113883,0.005797154,0.016038298,0.033518427,0.009606276,0.041166164
Leaf: 41,b'AS7262',16,100,0.011172496,0.013115082,0.025562205,0.020888879,0.018330826,0.008446104,10:35:41,pos 1,0.428089117,0.16043582,0.588524937,1.58113883,1.58113883,0.005797154,0.016038298,0.033518427,0.009606276,0.041166164
Leaf: 41,b'AS7262',16,100,0.0111549,0.013239749,0.025891572,0.021124116,0.01850026,0.008554044,10:35:52,pos 2,0.428089117,0.16043582,0.588524937,1.58113883,1.58113883,0.005797154,0.016038298,0.033518427,0.009606276,0.041166164
Leaf: 41,b'AS7262',16,100,0.011119713,0.013040282,0.025543913,0.020857514,0.018284602,0.008284199,10:35:53,pos 2,0.428089117,0.16043582,0.588524937,1.58113883,1.58113883,0.005797154,0.016038298,0.033518427,0.009606276,0.041166164
Leaf: 41,b'AS7262',16,100,0.011102118,0.013164949,0.026001356,0.021186846,0.018531071,0.00860801,10:36:36,pos 3,0.428089117,0.16043582,0.588524937,1.58113883,1.58113883,0.005797154,0.016038298,0.033518427,0.009606276,0.041166164
Leaf: 41,b'AS7262',16,100,0.011102118,0.012990412,0.025653697,0.020904561,0.018300015,0.008446104,10:36:37,pos 3,0.428089117,0.16043582,0.588524937,1.58113883,1.58113883,0.005797154,0.016038298,0.033518427,0.009606276,0.041166164
Leaf: 42,b'AS7262',16,100,0.02176437,0.016605788,0.027629866,0.025483792,0.022720974,0.014598538,10:37:24,pos 1,0.343755027,0.131795459,0.475550486,1.58113883,1.58113883,0.004108163,0.005858583,0.011897852,0.013740379,0.020893792
Leaf: 42,b'AS7262',16,100,0.021887536,0.016506054,0.027391991,0.025279936,0.022582335,0.014652508,10:37:24,pos 1,0.343755027,0.131795459,0.475550486,1.58113883,1.58113883,0.004108163,0.005858583,0.011897852,0.013740379,0.020893792
Leaf: 42,b'AS7262',16,100,0.021905132,0.016680588,0.027648174,0.025499474,0.022797993,0.014814413,10:37:34,pos 2,0.343755027,0.131795459,0.475550486,1.58113883,1.58113883,0.004108163,0.005858583,0.011897852,0.013740379,0.020893792
Leaf: 42,b'AS7262',16,100,0.021922727,0.016506054,0.027355407,0.025248571,0.022582335,0.014652508,10:37:35,pos 2,0.343755027,0.131795459,0.475550486,1.58113883,1.58113883,0.004108163,0.005858583,0.011897852,0.013740379,0.020893792
Leaf: 42,b'AS7262',16,100,0.021957917,0.016680588,0.027629866,0.025499474,0.022797993,0.01478743,10:37:48,pos 3,0.343755027,0.131795459,0.475550486,1.58113883,1.58113883,0.004108163,0.005858583,0.011897852,0.013740379,0.020893792
Leaf: 42,b'AS7262',16,100,0.021975512,0.016530986,0.027337099,0.025232889,0.022582335,0.014652508,10:37:49,pos 3,0.343755027,0.131795459,0.475550486,1.58113883,1.58113883,0.004108163,0.005858583,0.011897852,0.013740379,0.020893792
Leaf: 43,b'AS7262',16,100,0.022714481,0.018799945,0.040017572,0.037104416,0.028528298,0.024528784,10:35:59,pos 1,0.198556577,0.055342631,0.253899207,1.58113883,1.58113883,0.006505613,0.006385765,0.011254123,0.021215565,0.031574314
Leaf: 43,b'AS7262',16,100,0.022714481,0.018475809,0.039377146,0.036571212,0.028174,0.023989094,10:36:00,pos 1,0.198556577,0.055342631,0.253899207,1.58113883,1.58113883,0.006505613,0.006385765,0.011254123,0.021215565,0.031574314
Leaf: 43,b'AS7262',16,100,0.022749672,0.018824879,0.03992608,0.037026004,0.028497487,0.024366878,10:36:10,pos 2,0.198556577,0.055342631,0.253899207,1.58113883,1.58113883,0.006505613,0.006385765,0.011254123,0.021215565,0.031574314
Leaf: 43,b'AS7262',16,100,0.022749672,0.018525676,0.039340546,0.036524165,0.028158603,0.023989094,10:36:10,pos 2,0.198556577,0.055342631,0.253899207,1.58113883,1.58113883,0.006505613,0.006385765,0.011254123,0.021215565,0.031574314
Leaf: 43,b'AS7262',16,100,0.022837633,0.018874746,0.039999264,0.037073051,0.028543711,0.024420848,10:36:21,pos 3,0.198556577,0.055342631,0.253899207,1.58113883,1.58113883,0.006505613,0.006385765,0.011254123,0.021215565,0.031574314
Leaf: 43,b'AS7262',16,100,0.022837633,0.018550608,0.039322238,0.036524165,0.028204811,0.02393513,10:36:21,pos 3,0.198556577,0.055342631,0.253899207,1.58113883,1.58113883,0.006505613,0.006385765,0.011254123,0.021215565,0.031574314
Leaf: 44,b'AS7262',16,100,0.015835036,0.025930964,0.040072464,0.039786101,0.022905822,0.015381087,10:37:25,pos 1,0.238288649,0.064378378,0.302667027,1.58113883,1.58113883,0.006759068,0.011980818,0.023839587,0.017192607,0.039442567
Leaf: 44,b'AS7262',16,100,0.015764656,0.025357489,0.039267346,0.039001978,0.022536127,0.015003305,10:37:26,pos 1,0.238288649,0.064378378,0.302667027,1.58113883,1.58113883,0.006759068,0.011980818,0.023839587,0.017192607,0.039442567
Leaf: 44,b'AS7262',16,100,0.01567668,0.025631756,0.039743097,0.039409722,0.022828803,0.01540807,10:37:36,pos 2,0.238288649,0.064378378,0.302667027,1.58113883,1.58113883,0.006759068,0.011980818,0.023839587,0.017192607,0.039442567
Leaf: 44,b'AS7262',16,100,0.015659084,0.025133084,0.038974579,0.038751058,0.022505316,0.014949336,10:37:37,pos 2,0.238288649,0.064378378,0.302667027,1.58113883,1.58113883,0.006759068,0.011980818,0.023839587,0.017192607,0.039442567
Leaf: 44,b'AS7262',16,100,0.015606299,0.025482152,0.039560113,0.039237215,0.022797993,0.015300134,10:37:48,pos 3,0.238288649,0.064378378,0.302667027,1.58113883,1.58113883,0.006759068,0.011980818,0.023839587,0.017192607,0.039442567
Leaf: 44,b'AS7262',16,100,0.015588718,0.02498348,0.038809904,0.038594234,0.022474506,0.014868383,10:37:48,pos 3,0.238288649,0.064378378,0.302667027,1.58113883,1.58113883,0.006759068,0.011980818,0.023839587,0.017192607,0.039442567
Leaf: 45,b'AS7262',16,100,0.009201914,0.005460462,0.01306472,0.00998965,0.010397732,0.010119135,10:39:10,pos 1,0.514011964,0.170033586,0.68404555,1.58113883,1.58113883,0.004885489,0.007455535,0.015685276,0.017498663,0.024364548
Leaf: 45,b'AS7262',16,100,0.009219509,0.005410594,0.012863443,0.009832825,0.010243692,0.009822307,10:39:11,pos 1,0.514011964,0.170033586,0.68404555,1.58113883,1.58113883,0.004885489,0.007455535,0.015685276,0.017498663,0.024364548
Leaf: 45,b'AS7262',16,100,0.009237103,0.005510329,0.013101315,0.010005332,0.010397732,0.010119135,10:39:22,pos 2,0.514011964,0.170033586,0.68404555,1.58113883,1.58113883,0.004885489,0.007455535,0.015685276,0.017498663,0.024364548
Leaf: 45,b'AS7262',16,100,0.009254698,0.005410594,0.012863443,0.009832825,0.010243692,0.009741354,10:39:23,pos 2,0.514011964,0.170033586,0.68404555,1.58113883,1.58113883,0.004885489,0.007455535,0.015685276,0.017498663,0.024364548
Leaf: 45,b'AS7262',16,100,0.009272292,0.005510329,0.01306472,0.00998965,0.010382329,0.00990326,10:39:33,pos 3,0.514011964,0.170033586,0.68404555,1.58113883,1.58113883,0.004885489,0.007455535,0.015685276,0.017498663,0.024364548
Leaf: 45,b'AS7262',16,100,0.009272292,0.005410594,0.012845145,0.009832825,0.010243692,0.009687385,10:39:33,pos 3,0.514011964,0.170033586,0.68404555,1.58113883,1.58113883,0.004885489,0.007455535,0.015685276,0.017498663,0.024364548
Leaf: 46,b'AS7262',16,100,0.02019847,0.006432872,0.012223014,0.011965624,0.017499004,0.019428741,10:40:28,pos 1,0.524224396,0.171121369,0.695345766,1.58113883,1.58113883,0.007481845,0.010419069,0.020121975,0.022194028,0.039748717
Leaf: 46,b'AS7262',16,100,0.020497574,0.006383006,0.012040036,0.011824483,0.017329554,0.019239849,10:40:28,pos 1,0.524224396,0.171121369,0.695345766,1.58113883,1.58113883,0.007481845,0.010419069,0.020121975,0.022194028,0.039748717
Leaf: 46,b'AS7262',16,100,0.020620726,0.006482741,0.012241313,0.012012669,0.01756061,0.019536678,10:40:38,pos 2,0.524224396,0.171121369,0.695345766,1.58113883,1.58113883,0.007481845,0.010419069,0.020121975,0.022194028,0.039748717
Leaf: 46,b'AS7262',16,100,0.020655916,0.006383006,0.012021739,0.011824483,0.017344952,0.01918588,10:40:39,pos 2,0.524224396,0.171121369,0.695345766,1.58113883,1.58113883,0.007481845,0.010419069,0.020121975,0.022194028,0.039748717
Leaf: 46,b'AS7262',16,100,0.020743892,0.006507674,0.012296208,0.012059717,0.017637628,0.019617631,10:40:51,pos 3,0.524224396,0.171121369,0.695345766,1.58113883,1.58113883,0.007481845,0.010419069,0.020121975,0.022194028,0.039748717
Leaf: 46,b'AS7262',16,100,0.020779083,0.006407939,0.012040036,0.011855846,0.017421986,0.019266833,10:40:52,pos 3,0.524224396,0.171121369,0.695345766,1.58113883,1.58113883,0.007481845,0.010419069,0.020121975,0.022194028,0.039748717
Leaf: 47,b'AS7262',16,100,0.013459779,0.015084836,0.029862218,0.026314962,0.019255064,0.012115978,10:42:13,pos 1,0.299632036,0.116484252,0.416116288,1.58113883,1.58113883,0.004025295,0.009171805,0.019202737,0.011004147,0.02498875
Leaf: 47,b'AS7262',16,100,0.013653316,0.014935235,0.029715835,0.026158138,0.019208856,0.012088994,10:42:13,pos 1,0.299632036,0.116484252,0.416116288,1.58113883,1.58113883,0.004025295,0.009171805,0.019202737,0.011004147,0.02498875
Leaf: 47,b'AS7262',16,100,0.013670913,0.015134706,0.030173277,0.026503152,0.019455309,0.012142964,10:42:25,pos 2,0.299632036,0.116484252,0.416116288,1.58113883,1.58113883,0.004025295,0.009171805,0.019202737,0.011004147,0.02498875
Leaf: 47,b'AS7262',16,100,0.013670913,0.014910302,0.029734127,0.026158138,0.019224253,0.011954072,10:42:26,pos 2,0.299632036,0.116484252,0.416116288,1.58113883,1.58113883,0.004025295,0.009171805,0.019202737,0.011004147,0.02498875
Leaf: 47,b'AS7262',16,100,0.013670913,0.015109771,0.030136677,0.026487469,0.019455309,0.012035025,10:42:36,pos 3,0.299632036,0.116484252,0.416116288,1.58113883,1.58113883,0.004025295,0.009171805,0.019202737,0.011004147,0.02498875
Leaf: 47,b'AS7262',16,100,0.013688508,0.014885367,0.029734127,0.026158138,0.019224253,0.011900105,10:42:37,pos 3,0.299632036,0.116484252,0.416116288,1.58113883,1.58113883,0.004025295,0.009171805,0.019202737,0.011004147,0.02498875
Leaf: 48,b'AS7262',16,100,0.02498416,0.010646654,0.020969425,0.019571552,0.025339666,0.016946178,10:43:28,pos 1,0.409967135,0.144355459,0.554322595,1.58113883,1.58113883,0.009572722,0.020541957,0.041711288,0.020009168,0.06080019
Leaf: 48,b'AS7262',16,100,0.024966565,0.010521985,0.020713258,0.019304966,0.024985368,0.016946178,10:43:28,pos 1,0.409967135,0.144355459,0.554322595,1.58113883,1.58113883,0.009572722,0.020541957,0.041711288,0.020009168,0.06080019
Leaf: 48,b'AS7262',16,100,0.025001755,0.01062172,0.021006025,0.019555869,0.025293443,0.017216021,10:43:38,pos 2,0.409967135,0.144355459,0.554322595,1.58113883,1.58113883,0.009572722,0.020541957,0.041711288,0.020009168,0.06080019
Leaf: 48,b'AS7262',16,100,0.02498416,0.010472118,0.020676658,0.019257903,0.024954558,0.016919192,10:43:39,pos 2,0.409967135,0.144355459,0.554322595,1.58113883,1.58113883,0.009572722,0.020541957,0.041711288,0.020009168,0.06080019
Leaf: 48,b'AS7262',16,100,0.025036946,0.010596787,0.020969425,0.019524504,0.025278045,0.017189037,10:43:49,pos 3,0.409967135,0.144355459,0.554322595,1.58113883,1.58113883,0.009572722,0.020541957,0.041711288,0.020009168,0.06080019
Leaf: 48,b'AS7262',16,100,0.025001755,0.010447185,0.020658366,0.019242236,0.02493916,0.016892212,10:43:50,pos 3,0.409967135,0.144355459,0.554322595,1.58113883,1.58113883,0.009572722,0.020541957,0.041711288,0.020009168,0.06080019
Leaf: 49,b'AS7262',16,100,0.008955591,0.022664663,0.042634167,0.04077408,0.017252536,0.010335011,10:59:40,pos 1,0.248425225,0.077751928,0.326177153,1.58113883,1.58113883,0.006202983,0.009130005,0.017528325,0.017057733,0.034087654
Leaf: 49,b'AS7262',16,100,0.008973186,0.022340514,0.042012049,0.040240876,0.01702148,0.009984213,10:59:40,pos 1,0.248425225,0.077751928,0.326177153,1.58113883,1.58113883,0.006202983,0.009130005,0.017528325,0.017057733,0.034087654
Leaf: 49,b'AS7262',16,100,0.009078753,0.022714524,0.042725659,0.04083681,0.017360365,0.010415964,11:00:26,pos 2,0.248425225,0.077751928,0.326177153,1.58113883,1.58113883,0.006202983,0.009130005,0.017528325,0.017057733,0.034087654
Leaf: 49,b'AS7262',16,100,0.009096347,0.022390396,0.042066941,0.040287924,0.017129309,0.010065166,11:00:27,pos 2,0.248425225,0.077751928,0.326177153,1.58113883,1.58113883,0.006202983,0.009130005,0.017528325,0.017057733,0.034087654
Leaf: 49,b'AS7262',16,100,0.009149131,0.022789326,0.042743967,0.04083681,0.017421986,0.010442947,11:00:50,pos 3,0.248425225,0.077751928,0.326177153,1.58113883,1.58113883,0.006202983,0.009130005,0.017528325,0.017057733,0.034087654
Leaf: 49,b'AS7262',16,100,0.00918432,0.022440257,0.042103525,0.040303606,0.017190915,0.010146119,11:00:50,pos 3,0.248425225,0.077751928,0.326177153,1.58113883,1.58113883,0.006202983,0.009130005,0.017528325,0.017057733,0.034087654
Leaf: 50,b'AS7262',16,100,0.012632839,0.016356452,0.03288138,0.031286271,0.023568194,0.014193773,11:05:27,pos 1,0.252765225,0.087765117,0.340530342,1.58113883,1.58113883,0.005059941,0.007206455,0.013796934,0.014305026,0.02741321
Leaf: 50,b'AS7262',16,100,0.012668028,0.016156981,0.032387338,0.030878527,0.023275517,0.013977898,11:05:27,pos 1,0.252765225,0.087765117,0.340530342,1.58113883,1.58113883,0.005059941,0.007206455,0.013796934,0.014305026,0.02741321
Leaf: 50,b'AS7262',16,100,0.012685621,0.016381385,0.032826488,0.031254906,0.023568194,0.01416679,11:05:37,pos 2,0.252765225,0.087765117,0.340530342,1.58113883,1.58113883,0.005059941,0.007206455,0.013796934,0.014305026,0.02741321
Leaf: 50,b'AS7262',16,100,0.01272081,0.016107116,0.032314138,0.030815797,0.023290915,0.013869962,11:05:38,pos 2,0.252765225,0.087765117,0.340530342,1.58113883,1.58113883,0.005059941,0.007206455,0.013796934,0.014305026,0.02741321
Leaf: 50,b'AS7262',16,100,0.012755999,0.016406317,0.03280818,0.031223541,0.023599004,0.014031868,11:05:47,pos 3,0.252765225,0.087765117,0.340530342,1.58113883,1.58113883,0.005059941,0.007206455,0.013796934,0.014305026,0.02741321
Leaf: 50,b'AS7262',16,100,0.012791188,0.016107116,0.032295846,0.030784432,0.023337138,0.013789009,11:05:48,pos 3,0.252765225,0.087765117,0.340530342,1.58113883,1.58113883,0.005059941,0.007206455,0.013796934,0.014305026,0.02741321
Leaf: 51,b'AS7262',16,100,0.027922441,0.011394663,0.024189862,0.022331649,0.031501287,0.015435053,11:08:06,pos 1,0.452299856,0.135165045,0.587464901,1.58113883,1.58113883,0.007902848,0.012808083,0.02540972,0.022229655,0.044050343
Leaf: 51,b'AS7262',16,100,0.027957632,0.011245061,0.023750711,0.021970953,0.031131592,0.015111242,11:08:06,pos 1,0.452299856,0.135165045,0.587464901,1.58113883,1.58113883,0.007902848,0.012808083,0.02540972,0.022229655,0.044050343
Leaf: 51,b'AS7262',16,100,0.028186355,0.011419595,0.02406177,0.022237554,0.031655324,0.015327117,11:08:16,pos 2,0.452299856,0.135165045,0.587464901,1.58113883,1.58113883,0.007902848,0.012808083,0.02540972,0.022229655,0.044050343
Leaf: 51,b'AS7262',16,100,0.028274331,0.011269994,0.023732419,0.02195527,0.031378045,0.015273148,11:08:16,pos 2,0.452299856,0.135165045,0.587464901,1.58113883,1.58113883,0.007902848,0.012808083,0.02540972,0.022229655,0.044050343
Leaf: 51,b'AS7262',16,100,0.028538244,0.011469463,0.02413497,0.022284602,0.032009622,0.015650929,11:08:27,pos 3,0.452299856,0.135165045,0.587464901,1.58113883,1.58113883,0.007902848,0.012808083,0.02540972,0.022229655,0.044050343
Leaf: 51,b'AS7262',16,100,0.028643815,0.011269994,0.023714111,0.02195527,0.031732343,0.015354101,11:08:28,pos 3,0.452299856,0.135165045,0.587464901,1.58113883,1.58113883,0.007902848,0.012808083,0.02540972,0.022229655,0.044050343
Leaf: 52,b'AS7262',16,100,0.01150679,0.016082183,0.026312414,0.026848166,0.01580455,0.00922865,11:09:46,pos 1,0.526449514,0.179542054,0.705991568,1.58113883,1.58113883,0.005908722,0.016666823,0.03480407,0.00837276,0.042632184
Leaf: 52,b'AS7262',16,100,0.011559575,0.015982447,0.026184339,0.026691341,0.015712134,0.009255636,11:09:47,pos 1,0.526449514,0.179542054,0.705991568,1.58113883,1.58113883,0.005908722,0.016666823,0.03480407,0.00837276,0.042632184
Leaf: 52,b'AS7262',16,100,0.011612358,0.016206848,0.026568598,0.027036356,0.015958603,0.009363573,11:09:57,pos 2,0.526449514,0.179542054,0.705991568,1.58113883,1.58113883,0.005908722,0.016666823,0.03480407,0.00837276,0.042632184
Leaf: 52,b'AS7262',16,100,0.011612358,0.016057249,0.026312414,0.026785436,0.015789153,0.009201667,11:09:57,pos 2,0.526449514,0.179542054,0.705991568,1.58113883,1.58113883,0.005908722,0.016666823,0.03480407,0.00837276,0.042632184
Leaf: 52,b'AS7262',16,100,0.011629953,0.016256715,0.026641781,0.027099086,0.015974,0.009201667,11:10:07,pos 3,0.526449514,0.179542054,0.705991568,1.58113883,1.58113883,0.005908722,0.016666823,0.03480407,0.00837276,0.042632184
Leaf: 52,b'AS7262',16,100,0.011647547,0.01613205,0.026440506,0.026910896,0.015850758,0.009147697,11:10:07,pos 3,0.526449514,0.179542054,0.705991568,1.58113883,1.58113883,0.005908722,0.016666823,0.03480407,0.00837276,0.042632184
Leaf: 53,b'AS7262',16,100,0.018192691,0.008452496,0.018114955,0.016576234,0.020441167,0.013977898,11:12:40,pos 1,0.38730991,0.154867748,0.542177658,1.58113883,1.58113883,0.008725824,0.023742262,0.049882709,0.018274864,0.060420156
Leaf: 53,b'AS7262',16,100,0.018192691,0.008352761,0.017877079,0.016372362,0.020210112,0.013842978,11:12:41,pos 1,0.38730991,0.154867748,0.542177658,1.58113883,1.58113883,0.008725824,0.023742262,0.049882709,0.018274864,0.060420156
Leaf: 53,b'AS7262',16,100,0.018175096,0.008452496,0.018114955,0.016544869,0.020410372,0.014004884,11:12:51,pos 2,0.38730991,0.154867748,0.542177658,1.58113883,1.58113883,0.008725824,0.023742262,0.049882709,0.018274864,0.060420156
Leaf: 53,b'AS7262',16,100,0.0181575,0.008352761,0.017858771,0.016325314,0.020179301,0.013735039,11:12:51,pos 2,0.38730991,0.154867748,0.542177658,1.58113883,1.58113883,0.008725824,0.023742262,0.049882709,0.018274864,0.060420156
Leaf: 53,b'AS7262',16,100,0.0181575,0.008452496,0.018078355,0.016513504,0.020379562,0.013842978,11:13:01,pos 3,0.38730991,0.154867748,0.542177658,1.58113883,1.58113883,0.008725824,0.023742262,0.049882709,0.018274864,0.060420156
Leaf: 53,b'AS7262',16,100,0.0181575,0.008327827,0.017840479,0.016309632,0.020163904,0.013681072,11:13:01,pos 3,0.38730991,0.154867748,0.542177658,1.58113883,1.58113883,0.008725824,0.023742262,0.049882709,0.018274864,0.060420156
Leaf: 54,b'AS7262',16,100,0.009395454,0.003540574,0.006898318,0.006461123,0.007886873,0.009741354,11:13:29,pos 1,0.458693658,0.175649658,0.634343315,1.58113883,1.58113883,0.015455193,0.032173157,0.066217991,0.040228442,0.093965976
Leaf: 54,b'AS7262',16,100,0.019881757,0.007579818,0.014272383,0.013361352,0.016205056,0.02042716,11:13:30,pos 1,0.458693658,0.175649658,0.634343315,1.58113883,1.58113883,0.015455193,0.032173157,0.066217991,0.040228442,0.093965976
Leaf: 54,b'AS7262',16,100,0.019828986,0.007579818,0.014327277,0.013408399,0.016251279,0.020481129,11:13:39,pos 2,0.458693658,0.175649658,0.634343315,1.58113883,1.58113883,0.015455193,0.032173157,0.066217991,0.040228442,0.093965976
Leaf: 54,b'AS7262',16,100,0.019864176,0.007579818,0.014290682,0.013361352,0.016205056,0.020400176,11:13:40,pos 2,0.458693658,0.175649658,0.634343315,1.58113883,1.58113883,0.015455193,0.032173157,0.066217991,0.040228442,0.093965976
Leaf: 54,b'AS7262',16,100,0.019846581,0.007579818,0.014327277,0.013408399,0.016251279,0.020400176,11:13:50,pos 3,0.458693658,0.175649658,0.634343315,1.58113883,1.58113883,0.015455193,0.032173157,0.066217991,0.040228442,0.093965976
Leaf: 54,b'AS7262',16,100,0.019864176,0.007554886,0.014254085,0.013329988,0.016174245,0.020319224,11:13:50,pos 3,0.458693658,0.175649658,0.634343315,1.58113883,1.58113883,0.015455193,0.032173157,0.066217991,0.040228442,0.093965976
Leaf: 55,b'AS7262',16,100,0.01893166,0.022116109,0.043439284,0.040084052,0.026926275,0.019563661,10:26:02,pos 1,0.221045441,0.070199712,0.291245153,1.58113883,1.58113883,0.006182475,0.006789477,0.012303544,0.019435038,0.030937663
Leaf: 55,b'AS7262',16,100,0.01889647,0.02174212,0.042743967,0.039503817,0.026602788,0.018889054,10:26:03,pos 1,0.221045441,0.070199712,0.291245153,1.58113883,1.58113883,0.006182475,0.006789477,0.012303544,0.019435038,0.030937663
Leaf: 55,b'AS7262',16,100,0.018914065,0.022041307,0.043256301,0.039895878,0.026880067,0.01918588,10:26:14,pos 2,0.221045441,0.070199712,0.291245153,1.58113883,1.58113883,0.006182475,0.006789477,0.012303544,0.019435038,0.030937663
Leaf: 55,b'AS7262',16,100,0.018914065,0.02176704,0.042725659,0.039456769,0.026618201,0.018916038,10:26:14,pos 2,0.221045441,0.070199712,0.291245153,1.58113883,1.58113883,0.006182475,0.006789477,0.012303544,0.019435038,0.030937663
Leaf: 55,b'AS7262',16,100,0.01893166,0.022041307,0.043274593,0.039864497,0.026910878,0.019293819,10:26:25,pos 3,0.221045441,0.070199712,0.291245153,1.58113883,1.58113883,0.006182475,0.006789477,0.012303544,0.019435038,0.030937663
Leaf: 55,b'AS7262',16,100,0.018914065,0.021692238,0.042615875,0.03933131,0.026618201,0.018835085,10:26:25,pos 3,0.221045441,0.070199712,0.291245153,1.58113883,1.58113883,0.006182475,0.006789477,0.012303544,0.019435038,0.030937663
Leaf: 56,b'AS7262',16,100,0.011137307,0.012915613,0.034400107,0.02882414,0.02564774,0.015812835,10:27:14,pos 1,0.207259495,0.054806847,0.262066342,1.58113883,1.58113883,0.002029778,0.006400547,0.013526889,0.002868495,0.015389315
Leaf: 56,b'AS7262',16,100,0.0111549,0.012741076,0.033979248,0.028479126,0.025370477,0.015354101,10:27:15,pos 1,0.207259495,0.054806847,0.262066342,1.58113883,1.58113883,0.002029778,0.006400547,0.013526889,0.002868495,0.015389315
Leaf: 56,b'AS7262',16,100,0.0111549,0.01296548,0.034454999,0.028855505,0.02564774,0.015812835,10:27:26,pos 2,0.207259495,0.054806847,0.262066342,1.58113883,1.58113883,0.002029778,0.006400547,0.013526889,0.002868495,0.015389315
Leaf: 56,b'AS7262',16,100,0.011137307,0.012741076,0.033942665,0.028447761,0.025355064,0.015300134,10:27:26,pos 2,0.207259495,0.054806847,0.262066342,1.58113883,1.58113883,0.002029778,0.006400547,0.013526889,0.002868495,0.015389315
Leaf: 56,b'AS7262',16,100,0.0111549,0.01296548,0.034436691,0.02882414,0.02564774,0.015677912,10:27:37,pos 3,0.207259495,0.054806847,0.262066342,1.58113883,1.58113883,0.002029778,0.006400547,0.013526889,0.002868495,0.015389315
Leaf: 56,b'AS7262',16,100,0.0111549,0.012766011,0.033960957,0.028463444,0.025385874,0.015246164,10:27:37,pos 3,0.207259495,0.054806847,0.262066342,1.58113883,1.58113883,0.002029778,0.006400547,0.013526889,0.002868495,0.015389315
Leaf: 57,b'AS7262',16,100,0.01150679,0.005610063,0.013796636,0.011056047,0.015234606,0.006422278,10:28:51,pos 1,0.545427604,0.189630847,0.73505845,1.58113883,1.58113883,0.004601304,0.010040916,0.020503755,0.009996794,0.029240439
Leaf: 57,b'AS7262',16,100,0.011717925,0.005585129,0.013668551,0.010961954,0.015234606,0.006530215,10:28:52,pos 1,0.545427604,0.189630847,0.73505845,1.58113883,1.58113883,0.004601304,0.010040916,0.020503755,0.009996794,0.029240439
Leaf: 57,b'AS7262',16,100,0.011770709,0.005610063,0.013833233,0.01107173,0.015404049,0.006719107,10:29:02,pos 2,0.545427604,0.189630847,0.73505845,1.58113883,1.58113883,0.004601304,0.010040916,0.020503755,0.009996794,0.029240439
Leaf: 57,b'AS7262',16,100,0.011858681,0.005560196,0.013668551,0.010961954,0.015342433,0.006584184,10:29:03,pos 2,0.545427604,0.189630847,0.73505845,1.58113883,1.58113883,0.004601304,0.010040916,0.020503755,0.009996794,0.029240439
Leaf: 57,b'AS7262',16,100,0.011876274,0.005610063,0.013814935,0.01107173,0.015496476,0.00674609,10:29:13,pos 3,0.545427604,0.189630847,0.73505845,1.58113883,1.58113883,0.004601304,0.010040916,0.020503755,0.009996794,0.029240439
Leaf: 57,b'AS7262',16,100,0.011946654,0.005560196,0.013668551,0.010961954,0.015404049,0.006584184,10:29:14,pos 3,0.545427604,0.189630847,0.73505845,1.58113883,1.58113883,0.004601304,0.010040916,0.020503755,0.009996794,0.029240439
Leaf: 58,b'AS7262',16,100,0.026866773,0.016306585,0.027886033,0.02719318,0.023937889,0.01905096,10:30:13,pos 1,0.451353225,0.158903063,0.610256288,1.58113883,1.58113883,0.011253666,0.011876784,0.021806062,0.036858478,0.054974832
Leaf: 58,b'AS7262',16,100,0.026972344,0.016156981,0.027629866,0.026942261,0.023845473,0.018943021,10:30:14,pos 1,0.451353225,0.158903063,0.610256288,1.58113883,1.58113883,0.011253666,0.011876784,0.021806062,0.036858478,0.054974832
Leaf: 58,b'AS7262',16,100,0.02702513,0.01628165,0.027922633,0.02719318,0.024122736,0.019212866,10:30:23,pos 2,0.451353225,0.158903063,0.610256288,1.58113883,1.58113883,0.011253666,0.011876784,0.021806062,0.036858478,0.054974832
Leaf: 58,b'AS7262',16,100,0.027077901,0.016107116,0.027574974,0.026895214,0.023968699,0.018889054,10:30:24,pos 2,0.451353225,0.158903063,0.610256288,1.58113883,1.58113883,0.011253666,0.011876784,0.021806062,0.036858478,0.054974832
Leaf: 58,b'AS7262',16,100,0.027148282,0.016256715,0.027867741,0.027146133,0.024215168,0.019023974,10:30:33,pos 3,0.451353225,0.158903063,0.610256288,1.58113883,1.58113883,0.011253666,0.011876784,0.021806062,0.036858478,0.054974832
Leaf: 58,b'AS7262',16,100,0.027201067,0.016082183,0.027556682,0.026895214,0.024061131,0.018862068,10:30:34,pos 3,0.451353225,0.158903063,0.610256288,1.58113883,1.58113883,0.011253666,0.011876784,0.021806062,0.036858478,0.054974832
Leaf: 59,b'AS7262',16,100,0.026497289,0.027327238,0.042048633,0.040287924,0.028682335,0.021074786,10:36:37,pos 1,0.467222486,0.230602378,0.697824865,1.58113883,1.58113883,0.016717715,0.017423633,0.030766387,0.052666324,0.083031703
Leaf: 59,b'AS7262',16,100,0.02660286,0.02697817,0.041517991,0.039801767,0.02834345,0.020777958,10:36:38,pos 1,0.467222486,0.230602378,0.697824865,1.58113883,1.58113883,0.016717715,0.017423633,0.030766387,0.052666324,0.083031703
Leaf: 59,b'AS7262',16,100,0.026585265,0.02740204,0.042085233,0.040303606,0.028697748,0.021101769,10:36:49,pos 2,0.467222486,0.230602378,0.697824865,1.58113883,1.58113883,0.016717715,0.017423633,0.030766387,0.052666324,0.083031703
Leaf: 59,b'AS7262',16,100,0.02667324,0.02700311,0.041536299,0.03981745,0.028374261,0.020697005,10:36:49,pos 2,0.467222486,0.230602378,0.697824865,1.58113883,1.58113883,0.016717715,0.017423633,0.030766387,0.052666324,0.083031703
Leaf: 59,b'AS7262',16,100,0.026620455,0.02740204,0.042103525,0.040303606,0.028713145,0.02091288,10:37:00,pos 3,0.467222486,0.230602378,0.697824865,1.58113883,1.58113883,0.016717715,0.017423633,0.030766387,0.052666324,0.083031703
Leaf: 59,b'AS7262',16,100,0.026690836,0.02700311,0.041499699,0.039786101,0.028389658,0.020535099,10:37:00,pos 3,0.467222486,0.230602378,0.697824865,1.58113883,1.58113883,0.016717715,0.017423633,0.030766387,0.052666324,0.083031703
Leaf: 60,b'AS7262',16,100,0.037229922,0.023063592,0.03573585,0.037026004,0.03475154,0.022774803,10:39:05,pos 1,0.490574775,0.23306191,0.723636685,1.58113883,1.58113883,0.014634651,0.009618368,0.015968861,0.053542655,0.063948403
Leaf: 60,b'AS7262',16,100,0.037247517,0.022889068,0.035406483,0.036665307,0.034428053,0.022747814,10:39:06,pos 1,0.490574775,0.23306191,0.723636685,1.58113883,1.58113883,0.014634651,0.009618368,0.015968861,0.053542655,0.063948403
Leaf: 60,b'AS7262',16,100,0.037265112,0.023088533,0.03573585,0.037010321,0.03475154,0.022990676,10:39:17,pos 2,0.490574775,0.23306191,0.723636685,1.58113883,1.58113883,0.014634651,0.009618368,0.015968861,0.053542655,0.063948403
Leaf: 60,b'AS7262',16,100,0.037282707,0.022889068,0.035388192,0.036665307,0.03444345,0.022693847,10:39:17,pos 2,0.490574775,0.23306191,0.723636685,1.58113883,1.58113883,0.014634651,0.009618368,0.015968861,0.053542655,0.063948403
Leaf: 60,b'AS7262',16,100,0.037282707,0.023088533,0.035662667,0.036947591,0.034705332,0.022828767,10:39:27,pos 3,0.490574775,0.23306191,0.723636685,1.58113883,1.58113883,0.014634651,0.009618368,0.015968861,0.053542655,0.063948403
Leaf: 60,b'AS7262',16,100,0.037265112,0.022913989,0.035406483,0.036680989,0.034489658,0.022639878,10:39:27,pos 3,0.490574775,0.23306191,0.723636685,1.58113883,1.58113883,0.014634651,0.009618368,0.015968861,0.053542655,0.063948403
