Leaf: 19, b'AS7262', 16.0, 100, 25, Raw data, 3186.0, 1876.0, 4902.0, 5386.0, 5451.0, 1760.0, Calibrated data, 14029.217857142858, 8245.353571428572, 19404.467857142856, 18562.314285714285, 19378.739285714284, 6155.192857142857, 12:04:06, pos 1
Leaf: 19, b'AS7262', 16.0, 100, 25, Raw data, 6182.0, 3664.0, 9546.0, 10492.0, 10587.0, 3401.0, Calibrated data, 27221.792857142857, 16103.932142857142, 37787.642857142855, 36159.642857142855, 37637.642857142855, 11894.210714285715, 12:04:07, pos 1
Leaf: 19, b'AS7262', 16.0, 100, 25, Raw data, 11563.0, 6845.0, 17803.0, 19586.0, 19736.0, 6349.0, Calibrated data, 50916.46428571428, 30084.992857142857, 70472.82142857143, 67501.21428571429, 70163.03571428571, 22204.160714285714, 12:04:07, pos 1
Leaf: 19, b'AS7262', 16.0, 100, 25, Raw data, 14261.0, 8384.0, 21978.0, 24166.0, 24310.0, 7831.0, Calibrated data, 62796.82142857143, 36849.17857142857, 86999.46428571429, 83285.71428571429, 86424.0, 27387.110714285714, 12:04:07, pos 1
Leaf: 19, b'AS7262', 16.0, 100, 25, Raw data, 14339.0, 8398.0, 21966.0, 24143.0, 24272.0, 7797.0, Calibrated data, 63140.28571428572, 36910.71428571428, 86951.96428571429, 83206.46428571429, 86288.89285714286, 27268.20357142857, 12:04:07, pos 1
Leaf: 19, b'AS7262', 16.0, 100, 25, Raw data, 11557.0, 6732.0, 17600.0, 19357.0, 19499.0, 6225.0, Calibrated data, 50890.03571428572, 29588.33928571429, 69669.25, 66712.0, 69320.5, 21770.496428571427, 12:04:07, pos 1
Leaf: 19, b'AS7262', 16.0, 100, 25, Raw data, 6222.0, 3593.0, 9396.0, 10352.0, 10481.0, 3334.0, Calibrated data, 27397.932142857142, 15791.875, 37193.857142857145, 35677.142857142855, 37260.78571428572, 11659.892857142857, 12:04:07, pos 1
Leaf: 19, b'AS7262', 16.0, 100, 25, Raw data, 3234.0, 1857.0, 4828.0, 5329.0, 5422.0, 1720.0, Calibrated data, 14240.582142857143, 8161.846428571429, 19111.542857142857, 18365.871428571427, 19275.64285714286, 6015.303571428572, 12:04:07, pos 1
Leaf: 19, b'AS7262', 16.0, 100, 25, Raw data, 3560.0, 1979.0, 4934.0, 5543.0, 5696.0, 1952.0, Calibrated data, 15676.089285714286, 8698.057142857142, 19531.139285714286, 19103.4, 20249.73214285714, 6826.667857142857, 12:05:32, pos 2
Leaf: 19, b'AS7262', 16.0, 100, 25, Raw data, 6892.0, 3865.0, 9626.0, 10807.0, 11064.0, 3787.0, Calibrated data, 30348.207142857143, 16987.364285714284, 38104.32142857143, 37245.25, 39333.392857142855, 13244.157142857142, 12:05:32, pos 2
Leaf: 19, b'AS7262', 16.0, 100, 25, Raw data, 12866.0, 7250.0, 18008.0, 20218.0, 20627.0, 7028.0, Calibrated data, 56654.107142857145, 31865.039285714287, 71284.28571428571, 69679.32142857143, 73330.60714285714, 24578.807142857142, 12:05:32, pos 2
Leaf: 19, b'AS7262', 16.0, 100, 25, Raw data, 15876.0, 8846.0, 22168.0, 24932.0, 25444.0, 8656.0, Calibrated data, 69908.32142857143, 38879.75, 87751.57142857143, 85925.67857142857, 90455.46428571429, 30272.35714285714, 12:05:32, pos 2
Leaf: 19, b'AS7262', 16.0, 100, 25, Raw data, 15966.0, 8819.0, 22153.0, 24909.0, 25425.0, 8651.0, Calibrated data, 70304.64285714286, 38761.07142857143, 87692.21428571429, 85846.39285714286, 90387.89285714286, 30254.871428571427, 12:05:32, pos 2
Leaf: 19, b'AS7262', 16.0, 100, 25, Raw data, 12814.0, 7055.0, 17714.0, 19912.0, 20342.0, 6920.0, Calibrated data, 56425.107142857145, 31007.98214285714, 70120.5, 68624.75, 72317.42857142857, 24201.1, 12:05:33, pos 2
Leaf: 19, b'AS7262', 16.0, 100, 25, Raw data, 6894.0, 3776.0, 9468.0, 10653.0, 10929.0, 3708.0, Calibrated data, 30357.014285714286, 16596.192857142858, 37478.892857142855, 36714.5, 38853.46428571428, 12967.871428571429, 12:05:33, pos 2
Leaf: 19, b'AS7262', 16.0, 100, 25, Raw data, 3577.0, 1952.0, 4865.0, 5481.0, 5649.0, 1904.0, Calibrated data, 15750.94642857143, 8579.389285714286, 19258.003571428573, 18889.725, 20082.64285714286, 6658.8, 12:05:33, pos 2
Leaf: 19, b'AS7262', 16.0, 100, 25, Raw data, 3613.0, 1990.0, 4922.0, 5550.0, 5719.0, 1929.0, Calibrated data, 15909.471428571429, 8746.403571428571, 19483.639285714286, 19127.525, 20331.503571428573, 6746.232142857143, 12:05:50, pos 3
Leaf: 19, b'AS7262', 16.0, 100, 25, Raw data, 6997.0, 3865.0, 9555.0, 10791.0, 11104.0, 3741.0, Calibrated data, 30810.564285714285, 16987.364285714284, 37823.28571428572, 37190.107142857145, 39475.607142857145, 13083.282142857142, 12:05:50, pos 3
Leaf: 19, b'AS7262', 16.0, 100, 25, Raw data, 13068.0, 7234.0, 17905.0, 20211.0, 20721.0, 6984.0, Calibrated data, 57543.57142857143, 31794.714285714286, 70876.57142857143, 69655.21428571429, 73664.82142857143, 24424.925, 12:05:50, pos 3
Leaf: 19, b'AS7262', 16.0, 100, 25, Raw data, 16190.0, 8916.0, 22181.0, 25032.0, 25626.0, 8625.0, Calibrated data, 71290.96428571429, 39187.392857142855, 87803.03571428571, 86270.32142857143, 91102.46428571429, 30163.942857142858, 12:05:50, pos 3
Leaf: 19, b'AS7262', 16.0, 100, 25, Raw data, 16260.0, 8891.0, 22095.0, 24955.0, 25559.0, 8589.0, Calibrated data, 71599.21428571429, 39077.53571428572, 87462.60714285714, 86004.92857142857, 90864.28571428571, 30038.039285714287, 12:05:50, pos 3
Leaf: 19, b'AS7262', 16.0, 100, 25, Raw data, 13045.0, 7083.0, 17626.0, 19927.0, 20453.0, 6866.0, Calibrated data, 57442.32142857143, 31131.04642857143, 69772.17857142857, 68676.42857142857, 72712.03571428571, 24012.246428571427, 12:05:50, pos 3
Leaf: 19, b'AS7262', 16.0, 100, 25, Raw data, 7027.0, 3784.0, 9420.0, 10668.0, 11002.0, 3696.0, Calibrated data, 30942.664285714287, 16631.35357142857, 37288.892857142855, 36766.21428571428, 39113.0, 12925.903571428571, 12:05:50, pos 3
Leaf: 19, b'AS7262', 16.0, 100, 25, Raw data, 3651.0, 1958.0, 4847.0, 5498.0, 5694.0, 1912.0, Calibrated data, 16076.8, 8605.757142857143, 19186.753571428573, 18948.310714285715, 20242.621428571427, 6686.778571428571, 12:05:50, pos 3
Leaf: 20, b'AS7262', 16.0, 100, 25, Raw data, 2986.0, 2619.0, 6847.0, 7252.0, 5043.0, 1855.0, Calibrated data, 13148.542857142857, 11510.971428571429, 27103.710714285713, 24993.3, 17928.26785714286, 6487.432142857143, 12:06:55, pos 1
Leaf: 20, b'AS7262', 16.0, 100, 25, Raw data, 5748.0, 5095.0, 13308.0, 14097.0, 9777.0, 3574.0, Calibrated data, 25310.72142857143, 22393.432142857142, 52679.46428571428, 48583.92857142857, 34758.014285714286, 12499.235714285714, 12:06:56, pos 1
Leaf: 20, b'AS7262', 16.0, 100, 25, Raw data, 8600.0, 7639.0, 20323.0, 21515.0, 14895.0, 5450.0, Calibrated data, 37869.21428571428, 33574.760714285716, 80448.17857142857, 74149.32142857143, 52952.92857142857, 19060.114285714284, 12:06:56, pos 1
Leaf: 20, b'AS7262', 16.0, 100, 25, Raw data, 7402.0, 6529.0, 11589.0, 12268.0, 8524.0, 3114.0, Calibrated data, 32593.939285714285, 28696.114285714284, 45874.82142857143, 42280.46428571428, 30303.5, 10890.496428571429, 12:06:56, pos 1
Leaf: 20, b'AS7262', 16.0, 100, 25, Raw data, 4579.0, 4006.0, 11819.0, 12507.0, 8687.0, 3162.0, Calibrated data, 20163.15, 17607.082142857143, 46785.28571428572, 43104.142857142855, 30882.97857142857, 11058.364285714286, 12:06:56, pos 1
Leaf: 20, b'AS7262', 16.0, 100, 25, Raw data, 4713.0, 4132.0, 10935.0, 11572.0, 8041.0, 2907.0, Calibrated data, 20753.207142857143, 18160.875, 43285.96428571428, 39881.75, 28586.39642857143, 10166.560714285713, 12:06:56, pos 1
Leaf: 20, b'AS7262', 16.0, 100, 25, Raw data, 4689.0, 4110.0, 10655.0, 11277.0, 7838.0, 2817.0, Calibrated data, 20647.525, 18064.182142857142, 42177.607142857145, 38865.07142857143, 27864.714285714286, 9851.807142857142, 12:06:56, pos 1
Leaf: 20, b'AS7262', 16.0, 100, 25, Raw data, 2984.0, 2587.0, 6780.0, 7185.0, 5006.0, 1791.0, Calibrated data, 13139.735714285714, 11370.325, 26838.492857142857, 24762.389285714286, 17796.72857142857, 6263.607142857143, 12:06:56, pos 1
Leaf: 20, b'AS7262', 16.0, 100, 25, Raw data, 2990.0, 2613.0, 6838.0, 7238.0, 5041.0, 1814.0, Calibrated data, 13166.153571428571, 11484.6, 27068.082142857143, 24945.05, 17921.157142857144, 6344.046428571429, 12:07:14, pos 2
Leaf: 20, b'AS7262', 16.0, 100, 25, Raw data, 4849.0, 4266.0, 11373.0, 12048.0, 8385.0, 3010.0, Calibrated data, 21352.067857142858, 18749.82857142857, 45019.78571428572, 41522.25, 29809.34642857143, 10526.778571428571, 12:07:14, pos 2
Leaf: 20, b'AS7262', 16.0, 100, 25, Raw data, 5073.0, 4436.0, 11497.0, 12179.0, 8483.0, 3048.0, Calibrated data, 22338.428571428572, 19497.010714285716, 45510.642857142855, 41973.71428571428, 30157.739285714284, 10659.675, 12:07:14, pos 2
Leaf: 20, b'AS7262', 16.0, 100, 25, Raw data, 5836.0, 5120.0, 14721.0, 15585.0, 10834.0, 3893.0, Calibrated data, 25698.217857142856, 22503.310714285715, 58272.78571428572, 53712.142857142855, 38515.75, 13614.867857142857, 12:07:14, pos 2
Leaf: 20, b'AS7262', 16.0, 100, 25, Raw data, 6852.0, 6024.0, 15767.0, 16692.0, 11599.0, 4159.0, Calibrated data, 30172.071428571428, 26476.553571428572, 62413.357142857145, 57527.32142857143, 41235.357142857145, 14545.139285714286, 12:07:14, pos 2
Leaf: 20, b'AS7262', 16.0, 100, 25, Raw data, 6174.0, 5401.0, 14432.0, 15284.0, 10632.0, 3801.0, Calibrated data, 27186.567857142858, 23738.35714285714, 57128.78571428572, 52674.78571428572, 37797.607142857145, 13293.117857142857, 12:07:14, pos 2
Leaf: 20, b'AS7262', 16.0, 100, 25, Raw data, 4815.0, 4185.0, 10961.0, 11616.0, 8098.0, 2888.0, Calibrated data, 21202.35, 18393.821428571428, 43388.892857142855, 40033.392857142855, 28789.035714285714, 10100.110714285714, 12:07:14, pos 2
Leaf: 20, b'AS7262', 16.0, 100, 25, Raw data, 2994.0, 2577.0, 6766.0, 7179.0, 5015.0, 1784.0, Calibrated data, 13183.767857142857, 11326.375, 26783.075, 24741.714285714286, 17828.725, 6239.128571428571, 12:07:14, pos 2
Leaf: 20, b'AS7262', 16.0, 100, 25, Raw data, 3001.0, 2607.0, 6835.0, 7243.0, 5057.0, 1817.0, Calibrated data, 13214.589285714286, 11458.228571428572, 27056.207142857143, 24962.282142857144, 17978.039285714287, 6354.535714285715, 12:07:35, pos 3
Leaf: 20, b'AS7262', 16.0, 100, 25, Raw data, 4919.0, 4309.0, 11198.0, 11862.0, 8268.0, 2964.0, Calibrated data, 21660.307142857142, 18938.821428571428, 44327.07142857143, 40881.21428571428, 29393.39642857143, 10365.903571428571, 12:07:35, pos 3
Leaf: 20, b'AS7262', 16.0, 100, 25, Raw data, 5629.0, 4911.0, 12673.0, 13438.0, 9375.0, 3359.0, Calibrated data, 24786.717857142856, 21584.717857142856, 50165.82142857143, 46312.75, 33328.87142857143, 11747.325, 12:07:35, pos 3
Leaf: 20, b'AS7262', 16.0, 100, 25, Raw data, 5911.0, 5151.0, 13813.0, 14646.0, 10213.0, 3664.0, Calibrated data, 26028.475, 22639.560714285715, 54678.46428571428, 50476.0, 36308.03571428572, 12813.992857142857, 12:07:35, pos 3
Leaf: 20, b'AS7262', 16.0, 100, 25, Raw data, 5671.0, 4932.0, 13525.0, 14334.0, 9997.0, 3589.0, Calibrated data, 24971.660714285714, 21677.01785714286, 53538.42857142857, 49400.71428571428, 35540.12857142857, 12551.69642857143, 12:07:35, pos 3
Leaf: 20, b'AS7262', 16.0, 100, 25, Raw data, 4989.0, 4328.0, 14839.0, 15728.0, 10963.0, 3931.0, Calibrated data, 21968.542857142857, 19022.32857142857, 58739.89285714285, 54205.0, 38974.32142857143, 13747.764285714286, 12:07:35, pos 3
Leaf: 20, b'AS7262', 16.0, 100, 25, Raw data, 5369.0, 4660.0, 12662.0, 13423.0, 9371.0, 3352.0, Calibrated data, 23641.835714285713, 20481.52857142857, 50122.28571428572, 46261.03571428572, 33314.65, 11722.842857142858, 12:07:35, pos 3
Leaf: 20, b'AS7262', 16.0, 100, 25, Raw data, 3006.0, 2574.0, 6764.0, 7177.0, 5028.0, 1792.0, Calibrated data, 13236.607142857143, 11313.189285714287, 26775.157142857144, 24734.817857142858, 17874.939285714285, 6267.107142857143, 12:07:35, pos 3
Leaf: 21, b'AS7262', 16.0, 100, 25, Raw data, 3754.0, 1948.0, 4140.0, 4624.0, 3677.0, 1700.0, Calibrated data, 16530.35, 8561.807142857142, 16388.10714285714, 15936.157142857142, 13072.028571428571, 5945.357142857143, 12:08:35, pos 1
Leaf: 21, b'AS7262', 16.0, 100, 25, Raw data, 7258.0, 3792.0, 8062.0, 9005.0, 7125.0, 3291.0, Calibrated data, 31959.85, 16666.514285714286, 31913.264285714286, 31034.842857142856, 25329.942857142858, 11509.510714285714, 12:08:35, pos 1
Leaf: 21, b'AS7262', 16.0, 100, 25, Raw data, 12117.0, 6367.0, 13302.0, 14838.0, 11690.0, 5403.0, Calibrated data, 53355.96428571428, 27984.09642857143, 52655.71428571428, 51137.71428571428, 41558.892857142855, 18895.742857142857, 12:08:35, pos 1
Leaf: 21, b'AS7262', 16.0, 100, 25, Raw data, 13506.0, 7097.0, 18264.0, 20365.0, 15983.0, 7374.0, Calibrated data, 59472.25, 31192.57857142857, 72297.67857142857, 70185.96428571429, 56820.82142857143, 25788.85714285714, 12:08:35, pos 1
Leaf: 21, b'AS7262', 16.0, 100, 25, Raw data, 16308.0, 8523.0, 18220.0, 20320.0, 15933.0, 7311.0, Calibrated data, 71810.57142857143, 37460.107142857145, 72123.5, 70030.85714285714, 56643.07142857143, 25568.532142857144, 12:08:35, pos 1
Leaf: 21, b'AS7262', 16.0, 100, 25, Raw data, 13420.0, 6980.0, 14916.0, 16644.0, 13060.0, 5967.0, Calibrated data, 59093.57142857143, 30678.339285714286, 59044.678571428565, 57361.892857142855, 46429.32142857143, 20868.20357142857, 12:08:35, pos 1
Leaf: 21, b'AS7262', 16.0, 100, 25, Raw data, 7209.0, 3724.0, 7961.0, 8893.0, 7008.0, 3198.0, Calibrated data, 31744.082142857143, 16367.642857142857, 31513.460714285713, 30648.842857142856, 24913.996428571427, 11184.264285714286, 12:08:35, pos 1
Leaf: 21, b'AS7262', 16.0, 100, 25, Raw data, 3737.0, 1924.0, 4091.0, 4574.0, 3622.0, 1650.0, Calibrated data, 16455.492857142857, 8456.32142857143, 16194.139285714286, 15763.839285714286, 12876.5, 5770.492857142857, 12:08:35, pos 1
Leaf: 21, b'AS7262', 16.0, 100, 25, Raw data, 3755.0, 1948.0, 4134.0, 4619.0, 3660.0, 1681.0, Calibrated data, 16534.753571428573, 8561.807142857142, 16364.353571428572, 15918.925, 13011.592857142858, 5878.910714285715, 12:08:52, pos 2
Leaf: 21, b'AS7262', 16.0, 100, 25, Raw data, 7265.0, 3794.0, 8069.0, 9006.0, 7106.0, 3272.0, Calibrated data, 31990.675, 16675.307142857142, 31940.975, 31038.289285714287, 25262.39642857143, 11443.064285714287, 12:08:53, pos 2
Leaf: 21, b'AS7262', 16.0, 100, 25, Raw data, 13557.0, 7122.0, 15109.0, 16854.0, 13237.0, 6074.0, Calibrated data, 59696.85714285714, 31302.457142857143, 59808.67857142857, 58085.642857142855, 47058.607142857145, 21242.410714285714, 12:08:53, pos 2
Leaf: 21, b'AS7262', 16.0, 100, 25, Raw data, 16704.0, 8730.0, 18631.0, 20788.0, 16300.0, 7444.0, Calibrated data, 73554.32142857143, 38369.892857142855, 73750.42857142857, 71643.78571428571, 57947.78571428572, 26033.667857142857, 12:08:53, pos 2
Leaf: 21, b'AS7262', 16.0, 100, 25, Raw data, 16746.0, 8695.0, 18570.0, 20730.0, 16253.0, 7398.0, Calibrated data, 73739.28571428571, 38216.07142857143, 73508.96428571429, 71443.89285714286, 57780.71428571428, 25872.792857142857, 12:08:53, pos 2
Leaf: 21, b'AS7262', 16.0, 100, 25, Raw data, 13451.0, 6947.0, 14852.0, 16588.0, 13028.0, 5924.0, Calibrated data, 59230.07142857142, 30533.3, 58791.35714285715, 57168.892857142855, 46315.57142857143, 20717.821428571428, 12:08:53, pos 2
Leaf: 21, b'AS7262', 16.0, 100, 25, Raw data, 7234.0, 3713.0, 7935.0, 8873.0, 7001.0, 3187.0, Calibrated data, 31854.167857142857, 16319.296428571428, 31410.535714285714, 30579.917857142857, 24889.114285714284, 11145.796428571428, 12:08:53, pos 2
Leaf: 21, b'AS7262', 16.0, 100, 25, Raw data, 3753.0, 1920.0, 4085.0, 4570.0, 3625.0, 1647.0, Calibrated data, 16525.942857142858, 8438.742857142857, 16170.389285714286, 15750.05357142857, 12887.164285714285, 5760.003571428571, 12:08:53, pos 2
Leaf: 21, b'AS7262', 16.0, 100, 25, Raw data, 3780.0, 1951.0, 4141.0, 4625.0, 3672.0, 1688.0, Calibrated data, 16644.835714285713, 8574.992857142857, 16392.064285714285, 15939.603571428572, 13054.253571428571, 5903.3892857142855, 12:09:12, pos 3
Leaf: 21, b'AS7262', 16.0, 100, 25, Raw data, 7311.0, 3790.0, 8055.0, 8998.0, 7120.0, 3272.0, Calibrated data, 32193.23214285714, 16657.725, 31885.553571428572, 31010.72142857143, 25312.167857142857, 11443.064285714287, 12:09:12, pos 3
Leaf: 21, b'AS7262', 16.0, 100, 25, Raw data, 13642.0, 7113.0, 15101.0, 16847.0, 13277.0, 6100.0, Calibrated data, 60071.142857142855, 31262.9, 59777.00000000001, 58061.5, 47200.78571428572, 21333.339285714286, 12:09:12, pos 3
Leaf: 21, b'AS7262', 16.0, 100, 25, Raw data, 16810.0, 8726.0, 18619.0, 20780.0, 16345.0, 7488.0, Calibrated data, 74021.07142857143, 38352.32142857143, 73702.92857142857, 71616.21428571429, 58107.78571428572, 26187.54642857143, 12:09:12, pos 3
Leaf: 21, b'AS7262', 16.0, 100, 25, Raw data, 16865.0, 8694.0, 18562.0, 20726.0, 16303.0, 7437.0, Calibrated data, 74263.28571428571, 38211.67857142857, 73477.28571428571, 71430.10714285714, 57958.46428571428, 26009.185714285715, 12:09:12, pos 3
Leaf: 21, b'AS7262', 16.0, 100, 25, Raw data, 13535.0, 6944.0, 14845.0, 16584.0, 13067.0, 5949.0, Calibrated data, 59599.96428571429, 30520.117857142857, 58763.642857142855, 57155.107142857145, 46454.21428571428, 20805.25, 12:09:12, pos 3
Leaf: 21, b'AS7262', 16.0, 100, 25, Raw data, 7279.0, 3711.0, 7934.0, 8874.0, 7027.0, 3199.0, Calibrated data, 32052.317857142858, 16310.507142857143, 31406.575, 30583.364285714284, 24981.54642857143, 11187.764285714286, 12:09:12, pos 3
Leaf: 21, b'AS7262', 16.0, 100, 25, Raw data, 3777.0, 1919.0, 4083.0, 4569.0, 3636.0, 1652.0, Calibrated data, 16631.628571428573, 8434.346428571429, 16162.475, 15746.607142857143, 12926.267857142857, 5777.489285714286, 12:09:12, pos 3
Leaf: 22, b'AS7262', 16.0, 100, 25, Raw data, 1889.0, 1690.0, 4152.0, 4271.0, 2848.0, 922.0, Calibrated data, 8318.014285714286, 7427.849999999999, 16435.60714285714, 14719.578571428572, 10124.867857142857, 3224.4814285714283, 12:09:50, pos 1
Leaf: 22, b'AS7262', 16.0, 100, 25, Raw data, 3656.0, 3293.0, 8077.0, 8309.0, 5524.0, 1777.0, Calibrated data, 16098.814285714287, 14473.32142857143, 31972.64285714286, 28636.14642857143, 19638.260714285716, 6214.646428571428, 12:09:50, pos 1
Leaf: 22, b'AS7262', 16.0, 100, 25, Raw data, 6822.0, 6172.0, 15137.0, 15567.0, 10310.0, 3343.0, Calibrated data, 30039.97142857143, 27127.039285714287, 59919.5, 53650.107142857145, 36652.857142857145, 11691.371428571429, 12:09:50, pos 1
Leaf: 22, b'AS7262', 16.0, 100, 25, Raw data, 9432.0, 8524.0, 20996.0, 21577.0, 14245.0, 4609.0, Calibrated data, 41532.82142857143, 37464.5, 83112.25, 74363.0, 50642.107142857145, 16118.914285714285, 12:09:50, pos 1
Leaf: 22, b'AS7262', 16.0, 100, 25, Raw data, 9479.0, 8494.0, 20925.0, 21508.0, 14192.0, 4543.0, Calibrated data, 41739.78571428572, 37332.642857142855, 82831.17857142857, 74125.17857142857, 50453.67857142857, 15888.089285714286, 12:09:50, pos 1
Leaf: 22, b'AS7262', 16.0, 100, 25, Raw data, 6763.0, 6024.0, 14901.0, 15324.0, 10129.0, 3217.0, Calibrated data, 29780.167857142857, 26476.553571428572, 58985.32142857143, 52812.642857142855, 36009.392857142855, 11250.714285714286, 12:09:50, pos 1
Leaf: 22, b'AS7262', 16.0, 100, 25, Raw data, 3640.0, 3232.0, 7978.0, 8213.0, 5449.0, 1721.0, Calibrated data, 16028.360714285714, 14205.214285714286, 31580.75, 28305.289285714287, 19371.628571428573, 6018.8, 12:09:50, pos 1
Leaf: 22, b'AS7262', 16.0, 100, 25, Raw data, 1888.0, 1673.0, 4106.0, 4232.0, 2819.0, 884.0, Calibrated data, 8313.610714285714, 7353.132142857143, 16253.517857142857, 14585.171428571428, 10021.767857142857, 3091.5853571428574, 12:09:50, pos 1
Leaf: 22, b'AS7262', 16.0, 100, 25, Raw data, 1894.0, 1702.0, 4163.0, 4287.0, 2850.0, 901.0, Calibrated data, 8340.032142857142, 7480.592857142857, 16479.15, 14774.721428571427, 10131.978571428572, 3151.038928571428, 12:10:08, pos 2
Leaf: 22, b'AS7262', 16.0, 100, 25, Raw data, 3663.0, 3311.0, 8116.0, 8355.0, 5537.0, 1766.0, Calibrated data, 16129.639285714286, 14552.435714285713, 32127.02142857143, 28794.678571428572, 19684.475, 6176.175, 12:10:08, pos 2
Leaf: 22, b'AS7262', 16.0, 100, 25, Raw data, 6838.0, 6228.0, 15215.0, 15649.0, 10332.0, 3299.0, Calibrated data, 30110.425, 27373.167857142857, 60228.28571428572, 53932.71428571428, 36731.07142857143, 11537.489285714286, 12:10:08, pos 2
Leaf: 22, b'AS7262', 16.0, 100, 25, Raw data, 9449.0, 8571.0, 21036.0, 21645.0, 14261.0, 4524.0, Calibrated data, 41607.67857142857, 37671.07142857143, 83270.57142857143, 74597.35714285714, 50699.0, 15821.642857142857, 12:10:08, pos 2
Leaf: 22, b'AS7262', 16.0, 100, 25, Raw data, 9497.0, 8527.0, 20940.0, 21560.0, 14209.0, 4483.0, Calibrated data, 41819.03571428572, 37477.67857142857, 82890.57142857143, 74304.39285714286, 50514.107142857145, 15678.257142857143, 12:10:08, pos 2
Leaf: 22, b'AS7262', 16.0, 100, 25, Raw data, 6778.0, 6046.0, 14910.0, 15359.0, 10148.0, 3190.0, Calibrated data, 29846.21785714286, 26573.242857142857, 59020.92857142857, 52933.28571428572, 36076.96428571428, 11156.285714285714, 12:10:08, pos 2
Leaf: 22, b'AS7262', 16.0, 100, 25, Raw data, 3651.0, 3246.0, 7987.0, 8234.0, 5463.0, 1712.0, Calibrated data, 16076.8, 14266.746428571429, 31616.378571428573, 28377.667857142857, 19421.4, 5987.325, 12:10:08, pos 2
Leaf: 22, b'AS7262', 16.0, 100, 25, Raw data, 1894.0, 1681.0, 4113.0, 4244.0, 2826.0, 881.0, Calibrated data, 8340.032142857142, 7388.292857142858, 16281.228571428572, 14626.528571428571, 10046.653571428571, 3081.093571428571, 12:10:08, pos 2
Leaf: 22, b'AS7262', 16.0, 100, 25, Raw data, 1899.0, 1710.0, 4165.0, 4294.0, 2853.0, 891.0, Calibrated data, 8362.05, 7515.753571428571, 16487.067857142858, 14798.846428571427, 10142.642857142857, 3116.0664285714283, 12:10:25, pos 3
Leaf: 22, b'AS7262', 16.0, 100, 25, Raw data, 3671.0, 3323.0, 8122.0, 8369.0, 5545.0, 1754.0, Calibrated data, 16164.867857142857, 14605.175, 32150.77142857143, 28842.928571428572, 19712.917857142857, 6134.210714285714, 12:10:25, pos 3
Leaf: 22, b'AS7262', 16.0, 100, 25, Raw data, 6854.0, 6251.0, 15229.0, 15678.0, 10349.0, 3280.0, Calibrated data, 30180.875, 27474.257142857143, 60283.67857142857, 54032.67857142857, 36791.5, 11471.042857142857, 12:10:25, pos 3
Leaf: 22, b'AS7262', 16.0, 100, 25, Raw data, 9477.0, 8612.0, 21070.0, 21699.0, 14296.0, 4509.0, Calibrated data, 41731.0, 37851.28571428572, 83405.17857142857, 74783.46428571429, 50823.42857142857, 15769.182142857142, 12:10:25, pos 3
Leaf: 22, b'AS7262', 16.0, 100, 25, Raw data, 9524.0, 8568.0, 20970.0, 21614.0, 14244.0, 4475.0, Calibrated data, 41937.96428571428, 37657.892857142855, 83009.32142857143, 74490.5, 50638.53571428572, 15650.278571428571, 12:10:25, pos 3
Leaf: 22, b'AS7262', 16.0, 100, 25, Raw data, 6798.0, 6075.0, 14926.0, 15389.0, 10168.0, 3186.0, Calibrated data, 29934.285714285714, 26700.707142857143, 59084.28571428571, 53036.67857142857, 36148.03571428572, 11142.296428571428, 12:10:25, pos 3
Leaf: 22, b'AS7262', 16.0, 100, 25, Raw data, 3661.0, 3261.0, 7999.0, 8255.0, 5477.0, 1711.0, Calibrated data, 16120.835714285715, 14332.675, 31663.882142857143, 28450.039285714287, 19471.17142857143, 5983.825, 12:10:26, pos 3
Leaf: 22, b'AS7262', 16.0, 100, 25, Raw data, 1900.0, 1690.0, 4120.0, 4255.0, 2833.0, 880.0, Calibrated data, 8366.453571428572, 7427.849999999999, 16308.939285714287, 14664.435714285715, 10071.539285714285, 3077.5964285714285, 12:10:26, pos 3
Leaf: 23, b'AS7262', 16.0, 100, 25, Raw data, 2202.0, 858.0, 2698.0, 2846.0, 2576.0, 1056.0, Calibrated data, 9696.278571428571, 3771.0642857142857, 10679.978571428572, 9808.457142857143, 9157.885714285714, 3693.1142857142854, 12:11:17, pos 1
Leaf: 23, b'AS7262', 16.0, 100, 25, Raw data, 4290.0, 1671.0, 5279.0, 5563.0, 5008.0, 2095.0, Calibrated data, 18890.571428571428, 7344.342857142858, 20896.814285714285, 19172.32857142857, 17803.839285714286, 7326.778571428571, 12:11:17, pos 1
Leaf: 23, b'AS7262', 16.0, 100, 25, Raw data, 7805.0, 3060.0, 9676.0, 10179.0, 9096.0, 3833.0, Calibrated data, 34368.50357142857, 13449.246428571429, 38302.25, 35080.91785714286, 32337.003571428573, 13405.028571428571, 12:11:17, pos 1
Leaf: 23, b'AS7262', 16.0, 100, 25, Raw data, 8808.0, 3437.0, 11135.0, 11704.0, 10425.0, 4384.0, Calibrated data, 38785.107142857145, 15106.225, 44077.67857142857, 40336.67857142857, 37061.71428571428, 15332.025, 12:11:17, pos 1
Leaf: 23, b'AS7262', 16.0, 100, 25, Raw data, 9132.0, 3542.0, 11190.0, 11756.0, 10444.0, 4379.0, Calibrated data, 40211.82142857143, 15567.721428571429, 44295.392857142855, 40515.892857142855, 37129.25, 15314.539285714285, 12:11:17, pos 1
Leaf: 23, b'AS7262', 16.0, 100, 25, Raw data, 8003.0, 3088.0, 9842.0, 10336.0, 9159.0, 3829.0, Calibrated data, 35240.38214285715, 13572.307142857142, 38959.357142857145, 35622.0, 32560.975, 13391.039285714285, 12:11:17, pos 1
Leaf: 23, b'AS7262', 16.0, 100, 25, Raw data, 4310.0, 1652.0, 5280.0, 5547.0, 4922.0, 2054.0, Calibrated data, 18978.635714285716, 7260.835714285714, 20900.775, 19117.185714285715, 17498.10357142857, 7183.3892857142855, 12:11:17, pos 1
Leaf: 23, b'AS7262', 16.0, 100, 25, Raw data, 2231.0, 853.0, 2719.0, 2857.0, 2542.0, 1056.0, Calibrated data, 9823.978571428572, 3749.0857142857144, 10763.107142857143, 9846.367857142857, 9037.014285714286, 3693.1142857142854, 12:11:17, pos 1
Leaf: 23, b'AS7262', 16.0, 100, 25, Raw data, 2235.0, 862.0, 2743.0, 2881.0, 2560.0, 1067.0, Calibrated data, 9841.589285714286, 3788.6428571428573, 10858.110714285714, 9929.082142857143, 9101.003571428571, 3731.5857142857144, 12:11:34, pos 2
Leaf: 23, b'AS7262', 16.0, 100, 25, Raw data, 4336.0, 1680.0, 5360.0, 5627.0, 4975.0, 2097.0, Calibrated data, 19093.125, 7383.900000000001, 21217.45357142857, 19392.9, 17686.52142857143, 7333.771428571429, 12:11:34, pos 2
Leaf: 23, b'AS7262', 16.0, 100, 25, Raw data, 7991.0, 3115.0, 9951.0, 10437.0, 9184.0, 3853.0, Calibrated data, 35187.53928571429, 13690.978571428572, 39390.82142857143, 35970.07142857143, 32649.85, 13474.978571428572, 12:11:34, pos 2
Leaf: 23, b'AS7262', 16.0, 100, 25, Raw data, 9024.0, 3496.0, 11195.0, 11743.0, 10322.0, 4308.0, Calibrated data, 39736.25, 15365.539285714285, 44315.17857142857, 40471.07142857143, 36695.53571428572, 15066.232142857143, 12:11:35, pos 2
Leaf: 23, b'AS7262', 16.0, 100, 25, Raw data, 9053.0, 3490.0, 11178.0, 11728.0, 10309.0, 4283.0, Calibrated data, 39863.92857142857, 15339.171428571428, 44247.892857142855, 40419.392857142855, 36649.32142857143, 14978.80357142857, 12:11:35, pos 2
Leaf: 23, b'AS7262', 16.0, 100, 25, Raw data, 8003.0, 3076.0, 9836.0, 10323.0, 9081.0, 3765.0, Calibrated data, 35240.38214285715, 13519.567857142858, 38935.607142857145, 35577.2, 32283.678571428572, 13167.217857142858, 12:11:35, pos 2
Leaf: 23, b'AS7262', 16.0, 100, 25, Raw data, 4309.0, 1646.0, 5282.0, 5549.0, 4904.0, 2031.0, Calibrated data, 18974.235714285714, 7234.464285714285, 20908.692857142858, 19124.07857142857, 17434.110714285714, 7102.953571428571, 12:11:35, pos 2
Leaf: 23, b'AS7262', 16.0, 100, 25, Raw data, 2232.0, 851.0, 2717.0, 2856.0, 2537.0, 1047.0, Calibrated data, 9828.378571428571, 3740.2964285714284, 10755.189285714287, 9842.921428571428, 9019.239285714286, 3661.6392857142855, 12:11:35, pos 2
Leaf: 23, b'AS7262', 16.0, 100, 25, Raw data, 2238.0, 860.0, 2736.0, 2876.0, 2555.0, 1057.0, Calibrated data, 9854.8, 3779.8535714285713, 10830.4, 9911.85, 9083.228571428572, 3696.6142857142854, 12:11:51, pos 3
Leaf: 23, b'AS7262', 16.0, 100, 25, Raw data, 4334.0, 1674.0, 5345.0, 5615.0, 4967.0, 2073.0, Calibrated data, 19084.317857142858, 7357.528571428572, 21158.075, 19351.542857142857, 17658.082142857143, 7249.839285714285, 12:11:51, pos 3
Leaf: 23, b'AS7262', 16.0, 100, 25, Raw data, 7998.0, 3106.0, 9939.0, 10431.0, 9187.0, 3819.0, Calibrated data, 35218.360714285714, 13651.421428571428, 39343.32142857143, 35949.392857142855, 32660.514285714286, 13356.07142857143, 12:11:51, pos 3
Leaf: 23, b'AS7262', 16.0, 100, 25, Raw data, 9018.0, 3480.0, 11023.0, 11570.0, 10184.0, 4216.0, Calibrated data, 39709.82142857143, 15295.217857142858, 43634.32142857143, 39874.857142857145, 36204.92857142857, 14744.485714285714, 12:11:51, pos 3
Leaf: 23, b'AS7262', 16.0, 100, 25, Raw data, 8834.0, 3392.0, 10621.0, 11148.0, 9819.0, 4052.0, Calibrated data, 38899.607142857145, 14908.442857142856, 42043.0, 38420.46428571428, 34907.328571428574, 14170.932142857142, 12:11:51, pos 3
Leaf: 23, b'AS7262', 16.0, 100, 25, Raw data, 7588.0, 2906.0, 9281.0, 9745.0, 8592.0, 3539.0, Calibrated data, 33412.97142857143, 12772.385714285714, 36738.642857142855, 33585.17857142857, 30545.246428571427, 12376.832142857143, 12:11:51, pos 3
Leaf: 23, b'AS7262', 16.0, 100, 25, Raw data, 4317.0, 1645.0, 5280.0, 5549.0, 4912.0, 2023.0, Calibrated data, 19009.460714285713, 7230.067857142857, 20900.775, 19124.07857142857, 17462.55, 7074.975, 12:11:51, pos 3
Leaf: 23, b'AS7262', 16.0, 100, 25, Raw data, 2235.0, 850.0, 2714.0, 2855.0, 2539.0, 1043.0, Calibrated data, 9841.589285714286, 3735.8999999999996, 10743.314285714287, 9839.475, 9026.346428571429, 3647.65, 12:11:52, pos 3
Leaf: 24, b'AS7262', 16.0, 100, 25, Raw data, 4703.0, 3019.0, 5013.0, 6419.0, 4609.0, 2371.0, Calibrated data, 20709.17142857143, 13269.042857142857, 19843.860714285714, 22122.45, 16385.364285714284, 8292.025, 12:12:46, pos 1
Leaf: 24, b'AS7262', 16.0, 100, 25, Raw data, 9069.0, 5875.0, 9789.0, 12524.0, 8962.0, 4608.0, Calibrated data, 39934.392857142855, 25821.67142857143, 38749.57142857143, 43162.71428571428, 31860.625, 16115.414285714285, 12:12:46, pos 1
Leaf: 24, b'AS7262', 16.0, 100, 25, Raw data, 16878.0, 11044.0, 18406.0, 23491.0, 16738.0, 8616.0, Calibrated data, 74320.53571428571, 48540.357142857145, 72859.78571428571, 80959.39285714286, 59504.92857142858, 30132.467857142856, 12:12:47, pos 1
Leaf: 24, b'AS7262', 16.0, 100, 25, Raw data, 23840.0, 15562.0, 26081.0, 33262.0, 23658.0, 12147.0, Calibrated data, 104976.96428571429, 68397.75, 103241.10714285714, 114634.17857142857, 84106.07142857143, 42481.32142857143, 12:12:47, pos 1
Leaf: 24, b'AS7262', 16.0, 100, 25, Raw data, 24051.0, 15485.0, 25996.0, 33136.0, 23615.0, 12089.0, Calibrated data, 105906.07142857143, 68059.32142857143, 102904.64285714286, 114199.92857142857, 83953.21428571429, 42278.46428571428, 12:12:47, pos 1
Leaf: 24, b'AS7262', 16.0, 100, 25, Raw data, 16863.0, 10728.0, 18118.0, 23097.0, 16507.0, 8438.0, Calibrated data, 74254.46428571429, 47151.46428571428, 71719.75, 79601.53571428571, 58683.71428571428, 29509.95357142857, 12:12:47, pos 1
Leaf: 24, b'AS7262', 16.0, 100, 25, Raw data, 9127.0, 5767.0, 9722.0, 12398.0, 8903.0, 4548.0, Calibrated data, 40189.78571428572, 25346.989285714284, 38484.32142857143, 42728.46428571428, 31650.878571428573, 15905.578571428572, 12:12:47, pos 1
Leaf: 24, b'AS7262', 16.0, 100, 25, Raw data, 4751.0, 2990.0, 5008.0, 6393.0, 4608.0, 2353.0, Calibrated data, 20920.535714285714, 13141.582142857143, 19824.067857142858, 22032.842857142856, 16381.807142857142, 8229.07142857143, 12:12:47, pos 1
Leaf: 24, b'AS7262', 16.0, 100, 25, Raw data, 4760.0, 3027.0, 5058.0, 6454.0, 4656.0, 2376.0, Calibrated data, 20960.164285714287, 13304.203571428572, 20021.992857142857, 22243.071428571428, 16552.45, 8309.510714285714, 12:13:05, pos 2
Leaf: 24, b'AS7262', 16.0, 100, 25, Raw data, 9172.0, 5891.0, 9873.0, 12582.0, 9045.0, 4618.0, Calibrated data, 40387.96428571428, 25891.992857142857, 39082.07142857143, 43362.607142857145, 32155.692857142858, 16150.389285714286, 12:13:05, pos 2
Leaf: 24, b'AS7262', 16.0, 100, 25, Raw data, 17037.0, 11057.0, 18507.0, 23561.0, 16868.0, 8593.0, Calibrated data, 75020.67857142857, 48597.46428571428, 73259.57142857143, 81200.64285714286, 59967.07142857143, 30052.032142857144, 12:13:05, pos 2
Leaf: 24, b'AS7262', 16.0, 100, 25, Raw data, 24072.0, 15582.0, 26216.0, 33367.0, 23840.0, 12104.0, Calibrated data, 105998.53571428571, 68485.67857142857, 103775.5, 114996.07142857143, 84753.10714285714, 42330.92857142857, 12:13:05, pos 2
Leaf: 24, b'AS7262', 16.0, 100, 25, Raw data, 24238.0, 15497.0, 26101.0, 33227.0, 23740.0, 12023.0, Calibrated data, 106729.5, 68112.07142857143, 103320.28571428571, 114513.57142857143, 84397.57142857143, 42047.642857142855, 12:13:05, pos 2
Leaf: 24, b'AS7262', 16.0, 100, 25, Raw data, 16949.0, 10727.0, 18160.0, 23132.0, 16573.0, 8379.0, Calibrated data, 74633.14285714286, 47147.07142857143, 71886.0, 79722.14285714286, 58918.321428571435, 29303.614285714288, 12:13:05, pos 2
Leaf: 24, b'AS7262', 16.0, 100, 25, Raw data, 9170.0, 5764.0, 9736.0, 12414.0, 8932.0, 4518.0, Calibrated data, 40379.142857142855, 25333.803571428572, 38539.75, 42783.607142857145, 31753.97142857143, 15800.657142857142, 12:13:05, pos 2
Leaf: 24, b'AS7262', 16.0, 100, 25, Raw data, 4774.0, 2989.0, 5016.0, 6401.0, 4627.0, 2339.0, Calibrated data, 21021.814285714285, 13137.185714285713, 19855.735714285714, 22060.414285714287, 16449.35357142857, 8180.1107142857145, 12:13:05, pos 2
Leaf: 24, b'AS7262', 16.0, 100, 25, Raw data, 4776.0, 3023.0, 5056.0, 6453.0, 4666.0, 2364.0, Calibrated data, 21030.621428571427, 13286.621428571429, 20014.075, 22239.625, 16588.0, 8267.542857142857, 12:13:22, pos 3
Leaf: 24, b'AS7262', 16.0, 100, 25, Raw data, 9205.0, 5889.0, 9877.0, 12590.0, 9064.0, 4603.0, Calibrated data, 40533.25, 25883.20357142857, 39097.892857142855, 43390.17857142857, 32223.242857142857, 16097.92857142857, 12:13:22, pos 3
Leaf: 24, b'AS7262', 16.0, 100, 25, Raw data, 17086.0, 11049.0, 18503.0, 23562.0, 16894.0, 8542.0, Calibrated data, 75236.42857142857, 48562.32142857143, 73243.75, 81204.10714285714, 60059.5, 29873.667857142857, 12:13:22, pos 3
Leaf: 24, b'AS7262', 16.0, 100, 25, Raw data, 24149.0, 15577.0, 26215.0, 33386.0, 23876.0, 12036.0, Calibrated data, 106337.60714285714, 68463.67857142857, 103771.53571428571, 115061.53571428571, 84881.07142857143, 42093.107142857145, 12:13:22, pos 3
Leaf: 24, b'AS7262', 16.0, 100, 25, Raw data, 24305.0, 15493.0, 26098.0, 33243.0, 23782.0, 11968.0, Calibrated data, 107024.53571428571, 68094.5, 103308.39285714286, 114568.71428571429, 84546.89285714286, 41855.32142857143, 12:13:22, pos 3
Leaf: 24, b'AS7262', 16.0, 100, 25, Raw data, 16992.0, 10716.0, 18147.0, 23122.0, 16589.0, 8349.0, Calibrated data, 74822.5, 47098.71428571428, 71834.53571428571, 79687.67857142857, 58975.21428571429, 29198.696428571428, 12:13:22, pos 3
Leaf: 24, b'AS7262', 16.0, 100, 25, Raw data, 9196.0, 5763.0, 9735.0, 12416.0, 8949.0, 4508.0, Calibrated data, 40493.642857142855, 25329.410714285714, 38535.78571428572, 42790.5, 31814.407142857144, 15765.685714285713, 12:13:22, pos 3
Leaf: 24, b'AS7262', 16.0, 100, 25, Raw data, 4787.0, 2988.0, 5014.0, 6401.0, 4633.0, 2336.0, Calibrated data, 21079.057142857142, 13132.792857142857, 19847.817857142858, 22060.414285714287, 16470.682142857142, 8169.617857142857, 12:13:23, pos 3
