Measurement,Leaf number,sensor type,gain,integration time,position,LED,vial number,Absorbance (647),Absorbance (664),Chlorophyll a (ug/ml),Chlorophyll b (ug/ml),Total Chlorophyll (ug/ml),vial number stdev,Absorbance (647) stdev,Absorbance (664) stdev,Chlorophyll a (ug/ml) stdev,Chlorophyll b (ug/ml) stdev,Total Chlorophyll (ug/ml) stdev,410 nm,435 nm,460 nm,485 nm,510 nm,535 nm,560 nm,585 nm,645 nm,705 nm,900 nm,940 nm,610 nm,680 nm,730 nm,760 nm,810 nm,860 nm
Leaf: 1 pos 1,Leaf: 1,b'AS7265X',64,150,pos 1,White LED,3,0.05564,0.13952,0.287778234,0.092409802,0.380188036,1.58113883,0.007522832,0.013761795,0.028015958,0.021207398,0.043210209,686.7275,121.0695714,332.1722143,2866.230714,6847.029286,1270.431429,2393.221429,2143.963571,527.6302143,119.8636429,3640.777857,7028.947143,5697.763571,1361.280714,1756.786429,957.8364286,429.8925,217.8854286
Leaf: 1 pos 2,Leaf: 1,b'AS7265X',64,150,pos 2,White LED,3,0.05564,0.13952,0.287778234,0.092409802,0.380188036,1.58113883,0.007522832,0.013761795,0.028015958,0.021207398,0.043210209,532.2138571,98.369,232.5205,2045.385714,5947.280714,885.6371429,1719.662143,1578.116429,374.1377143,95.89092857,2482.099286,5405.437857,3745.159286,1029.963571,1229.13,664.0214286,293.1085,150.8437857
Leaf: 1 pos 3,Leaf: 1,b'AS7265X',64,150,pos 3,White LED,3,0.05564,0.13952,0.287778234,0.092409802,0.380188036,1.58113883,0.007522832,0.013761795,0.028015958,0.021207398,0.043210209,711.2535,109.7192857,279.0246429,2206.862857,6036.616429,1105.52,1943.188571,1876.679286,398.1209286,113.8704286,2602.909286,5682.279286,4241.312857,993.9507143,1384.322857,722.7842857,319.1626429,175.9843571
Leaf: 2 pos 1,Leaf: 2,b'AS7265X',64,150,pos 1,White LED,8,0.03662,0.09348,0.193169982,0.059151928,0.25232191,1.58113883,0.004070872,0.005269915,0.010489321,0.013620128,0.020306901,858.4092857,155.1203571,352.1025,3673.619286,9195.314286,1447.558571,2679.335,2493.708571,635.5545,155.8227143,4277.777143,8943.371429,5329.649286,1519.736429,1756.786429,916.7021429,416.8654286,217.8854286
Leaf: 2 pos 2,Leaf: 2,b'AS7265X',64,150,pos 2,White LED,8,0.03662,0.09348,0.193169982,0.059151928,0.25232191,1.58113883,0.004070872,0.005269915,0.010489321,0.013620128,0.020306901,627.8651429,113.5027143,225.8770714,2375.069286,6687.5,1129.951429,1561.703571,1663.42,393.3242857,119.8636429,2981.814286,5546.205,2768.857143,878.71,1036.69,587.6295,273.5679286,167.6041429
Leaf: 2 pos 3,Leaf: 2,b'AS7265X',64,150,pos 3,White LED,8,0.03662,0.09348,0.193169982,0.059151928,0.25232191,1.58113883,0.004070872,0.005269915,0.010489321,0.013620128,0.020306901,649.9385,117.2861429,285.6680714,2664.383571,6285.484286,1105.52,1877.620714,1663.42,467.6721429,125.8567857,2850.020714,6151.501429,4193.297857,1282.052857,1551.931429,840.31,390.8113571,226.2656429
Leaf: 3 pos 1,Leaf: 3,b'AS7265X',64,150,pos 1,White LED,13,0.14774,0.39558,0.821331279,0.220033225,1.041364505,1.58113883,0.012730397,0.028147149,0.057277764,0.025201131,0.082115168,679.3697143,94.58557143,365.3893571,3754.358571,8180.7,1728.52,1400.765,1433.100714,306.9848571,101.8840714,3811.010714,5813.661429,3761.164286,936.3307143,1458.815714,834.4342857,312.6490714,167.6041429
Leaf: 3 pos 2,Leaf: 3,b'AS7265X',64,150,pos 2,White LED,13,0.14774,0.39558,0.821331279,0.220033225,1.041364505,1.58113883,0.012730397,0.028147149,0.057277764,0.025201131,0.082115168,657.2963571,109.7192857,298.9549286,2637.470714,6821.505,1313.186429,1308.373571,1421.726429,326.1714286,107.8772857,2685.28,4659.375,3689.141429,1073.178571,1309.830714,781.5471429,319.1626429,167.6041429
Leaf: 3 pos 3,Leaf: 3,b'AS7265X',64,150,pos 3,White LED,13,0.14774,0.39558,0.821331279,0.220033225,1.041364505,1.58113883,0.012730397,0.028147149,0.057277764,0.025201131,0.082115168,527.3086429,94.58557143,279.0246429,2321.243571,6744.930714,958.9314286,1162.336429,1157.285714,302.1882143,83.90457143,1976.892857,4405.995714,3609.117143,1303.66,1309.830714,834.4342857,351.7302143,184.3645714
Leaf: 4 pos 1,Leaf: 4,b'AS7265X',64,150,pos 1,White LED,18,0.13648,0.36476,0.757205622,0.203940324,0.961145946,1.58113883,0.008014487,0.014618071,0.029187146,0.019937566,0.047322893,593.5287857,90.80214286,279.0246429,2240.504286,5883.468571,995.5785714,1528.92,1569.586429,340.5612857,83.90457143,2460.133571,4884.601429,3417.057857,979.5457143,1278.791429,793.3,332.1896429,175.9843571
Leaf: 4 pos 2,Leaf: 4,b'AS7265X',64,150,pos 2,White LED,18,0.13648,0.36476,0.757205622,0.203940324,0.961145946,1.58113883,0.008014487,0.014618071,0.029187146,0.019937566,0.047322893,537.119,87.01871429,272.3812143,2462.536429,6100.429286,995.5785714,1302.412857,1271.023571,299.7898571,83.90457143,2399.728571,4499.839286,3905.208571,1109.191429,1303.622857,781.5471429,345.2167143,184.3645714
Leaf: 4 pos 3,Leaf: 4,b'AS7265X',64,150,pos 3,White LED,18,0.13648,0.36476,0.757205622,0.203940324,0.961145946,1.58113883,0.008014487,0.014618071,0.029187146,0.019937566,0.047322893,767.6628571,98.369,298.9549286,2785.492143,6917.223571,1447.558571,1445.47,1654.89,304.5865,89.89771429,2624.875,4687.528571,3353.037857,792.28,1173.260714,687.5266429,286.595,167.6041429
Leaf: 5 pos 1,Leaf: 5,b'AS7265X',64,150,pos 1,White LED,23,0.12166,0.3012,0.620433261,0.20596245,0.826395712,1.58113883,0.017232324,0.028753956,0.056657415,0.045207694,0.098431001,402.2261429,75.66842857,225.8770714,1742.614286,4964.575,910.0685714,959.6728571,932.6528571,285.4,71.91821429,1982.384286,3753.776429,2504.775,993.9507143,1272.584286,746.2892857,267.0544286,142.4635714
Leaf: 5 pos 2,Leaf: 5,b'AS7265X',64,150,pos 2,White LED,23,0.12166,0.3012,0.620433261,0.20596245,0.826395712,1.58113883,0.017232324,0.028753956,0.056657415,0.045207694,0.098431001,733.3271429,113.5027143,338.8156429,2933.512857,7229.9,1355.941429,1597.467857,1654.89,410.1125714,119.8636429,2959.848571,5330.362857,3785.171429,1246.04,1651.255,957.8364286,351.7302143,192.7447857
Leaf: 5 pos 3,Leaf: 5,b'AS7265X',64,150,pos 3,White LED,23,0.12166,0.3012,0.620433261,0.20596245,0.826395712,1.58113883,0.017232324,0.028753956,0.056657415,0.045207694,0.098431001,730.8742857,121.0695714,352.1025,3357.392143,8289.185714,1459.774286,1782.249286,1743.036429,453.2822857,119.8636429,3234.416429,6090.502143,4257.317857,1454.913571,1738.163571,1051.857143,397.3248571,226.2656429
Leaf: 6 pos 1,Leaf: 6,b'AS7265X',64,150,pos 1,White LED,28,0.1323,0.32972,0.679654739,0.221777658,0.901432396,1.58113883,0.009349332,0.024313926,0.050389316,0.015250759,0.064835979,637.6756429,113.5027143,338.8156429,3020.980714,7006.56,1386.480714,1269.629286,1387.605,434.0957143,119.8636429,3278.347857,5250.595,4097.268571,1483.723571,2017.511429,1187.011429,416.8654286,226.2656429
Leaf: 6 pos 2,Leaf: 6,b'AS7265X',64,150,pos 2,White LED,28,0.1323,0.32972,0.679654739,0.221777658,0.901432396,1.58113883,0.009349332,0.024313926,0.050389316,0.015250759,0.064835979,649.9385,121.0695714,312.2418571,2738.394286,6279.102857,1038.333571,1347.118571,1487.125714,424.5025,131.85,2542.504286,4363.765,3721.151429,1476.521429,1880.940714,1134.125,403.8384286,226.2656429
Leaf: 6 pos 3,Leaf: 6,b'AS7265X',64,150,pos 3,White LED,28,0.1323,0.32972,0.679654739,0.221777658,0.901432396,1.58113883,0.009349332,0.024313926,0.050389316,0.015250759,0.064835979,689.1800714,105.9358571,345.4590714,3666.891429,8735.864286,1496.421429,1365.000714,1427.413571,395.7226429,113.8704286,3432.106429,5846.507143,4481.387143,1512.534286,1781.617143,1081.238571,423.3789286,234.6458571
Leaf: 7 pos 1,Leaf: 7,b'AS7265X',64,150,pos 1,White LED,33,0.11508,0.28034,0.576469982,0.199433658,0.77590364,1.58113883,0.015238668,0.012438167,0.024555286,0.057588332,0.065986256,718.6114286,113.5027143,298.9549286,2724.937857,7032.084286,1288.755,1749.465714,1703.228571,395.7226429,107.8772857,2756.667857,5241.210714,4449.377143,1289.255,1632.632143,910.8257143,397.3248571,217.8854286
Leaf: 7 pos 2,Leaf: 7,b'AS7265X',64,150,pos 2,White LED,33,0.11508,0.28034,0.576469982,0.199433658,0.77590364,1.58113883,0.015238668,0.012438167,0.024555286,0.057588332,0.065986256,600.8866429,109.7192857,272.3812143,2065.57,5806.893571,1123.843571,1609.389286,1529.777857,366.9427857,107.8772857,2234.987857,4251.151429,4313.335,1145.204286,1446.400714,828.5578571,384.2977857,209.5052143
Leaf: 7 pos 3,Leaf: 7,b'AS7265X',64,150,pos 3,White LED,33,0.11508,0.28034,0.576469982,0.199433658,0.77590364,1.58113883,0.015238668,0.012438167,0.024555286,0.057588332,0.065986256,679.3697143,113.5027143,325.5287143,2704.752857,6553.494286,1123.843571,1549.782143,1521.247143,340.5612857,131.85,2394.237143,5015.983571,3048.943571,936.3307143,1384.322857,799.1764286,345.2167143,217.8854286
Leaf: 8 pos 1,Leaf: 8,b'AS7265X',64,150,pos 1,White LED,38,0.08126,0.20472,0.422467279,0.133995604,0.556462883,1.58113883,0.003178522,0.01632443,0.035563693,0.005814556,0.031908365,779.9264286,132.4197857,318.8852857,2940.241429,7191.614286,1386.480714,1856.758571,1976.2,429.2990714,131.85,3382.683571,6315.729286,4649.439286,1231.635,1558.139286,881.4442857,384.2977857,201.125
Leaf: 8 pos 2,Leaf: 8,b'AS7265X',64,150,pos 2,White LED,38,0.08126,0.20472,0.422467279,0.133995604,0.556462883,1.58113883,0.003178522,0.01632443,0.035563693,0.005814556,0.031908365,865.7671429,139.9866429,352.1025,2852.774286,6642.831429,1410.912143,2268.046429,2345.849286,503.6469286,131.85,3053.201429,6099.887143,4593.421429,1433.305714,1731.955714,993.0942857,423.3789286,226.2656429
Leaf: 8 pos 3,Leaf: 8,b'AS7265X',64,150,pos 3,White LED,38,0.08126,0.20472,0.422467279,0.133995604,0.556462883,1.58113883,0.003178522,0.01632443,0.035563693,0.005814556,0.031908365,775.0207143,113.5027143,365.3893571,2987.339286,7102.277857,1386.480714,1865.699286,1780.001429,431.6974286,119.8636429,2817.072857,6128.04,4281.325,1476.521429,1787.825,1004.846429,416.8654286,226.2656429
Leaf: 9 pos 1,Leaf: 9,b'AS7265X',64,150,pos 1,White LED,43,0.11604,0.28402,0.58433391,0.199743856,0.784077766,1.58113883,0.009987392,0.021537572,0.0437478,0.020694243,0.063596544,831.4307143,113.5027143,332.1722143,2489.449286,5966.424286,1875.107857,1815.033571,1907.957143,532.4267857,113.8704286,2789.615714,4739.142143,4353.347143,1498.128571,2290.651429,1322.166429,416.8654286,226.2656429
Leaf: 9 pos 2,Leaf: 9,b'AS7265X',64,150,pos 2,White LED,43,0.11604,0.28402,0.58433391,0.199743856,0.784077766,1.58113883,0.009987392,0.021537572,0.0437478,0.020694243,0.063596544,733.3271429,124.8529286,345.4590714,2792.22,6719.405,1606.362857,1528.92,1700.385,573.1982857,119.8636429,3102.624286,5184.903571,4209.302857,1829.445714,2253.405,1351.547857,468.9735714,243.0260714
Leaf: 9 pos 3,Leaf: 9,b'AS7265X',64,150,pos 3,White LED,43,0.11604,0.28402,0.58433391,0.199743856,0.784077766,1.58113883,0.009987392,0.021537572,0.0437478,0.020694243,0.063596544,571.4554286,109.7192857,325.5287143,2973.882143,8212.607143,1203.245,1511.037857,1435.943571,544.4184286,113.8704286,2822.564286,5616.587857,3769.167143,1606.167143,2265.82,1310.413571,423.3789286,217.8854286
Leaf: 10 pos 1,Leaf: 10,b'AS7265X',64,150,pos 1,White LED,48,0.13424,0.30066,0.61242609,0.259229982,0.871656072,1.58113883,0.022605597,0.033945589,0.06596786,0.063534344,0.123962071,640.1282143,105.9358571,312.2418571,2348.156429,5857.943571,1337.617857,1636.212143,1515.560714,549.2150714,107.8772857,2712.736429,4678.144286,3849.191429,1735.812857,2135.457857,1245.774286,462.4601429,259.7865
Leaf: 10 pos 2,Leaf: 10,b'AS7265X',64,150,pos 2,White LED,48,0.13424,0.30066,0.61242609,0.259229982,0.871656072,1.58113883,0.022605597,0.033945589,0.06596786,0.063534344,0.123962071,748.0421429,109.7192857,332.1722143,3222.827857,7772.307143,1551.392143,1516.998571,1637.829286,513.2402857,107.8772857,3228.925,5724.509286,4609.426429,1570.154286,2321.689286,1310.413571,436.406,226.2656429
Leaf: 10 pos 3,Leaf: 10,b'AS7265X',64,150,pos 3,White LED,48,0.13424,0.30066,0.61242609,0.259229982,0.871656072,1.58113883,0.022605597,0.033945589,0.06596786,0.063534344,0.123962071,645.0333571,113.5027143,312.2418571,2482.720714,6719.405,1178.813571,1570.645,1575.272857,530.0285,113.8704286,2476.607857,5123.905,3961.225714,1555.749286,2259.612857,1275.155714,423.3789286,226.2656429
Leaf: 11 pos 1,Leaf: 11,b'AS7265X',64,150,pos 1,White LED,53,0.11894,0.2857,0.58659773,0.210202595,0.796800324,1.58113883,0.005844912,0.019440422,0.041215351,0.007007629,0.045704572,924.6292857,132.4197857,318.8852857,2368.340714,6610.925,1282.647143,1701.78,2146.807143,561.2066429,137.8431429,2729.210714,5222.441429,3649.129286,1656.585,2272.027857,1375.052857,423.3789286,234.6458571
Leaf: 11 pos 2,Leaf: 11,b'AS7265X',64,150,pos 2,White LED,53,0.11894,0.2857,0.58659773,0.210202595,0.796800324,1.58113883,0.005844912,0.019440422,0.041215351,0.007007629,0.045704572,770.1157143,109.7192857,345.4590714,3619.793571,9074.071429,1502.529286,1722.642857,1836.870714,489.2570714,107.8772857,3860.432857,6357.958571,4801.486429,1433.305714,2222.365714,1328.042857,455.9465714,243.0260714
Leaf: 11 pos 3,Leaf: 11,b'AS7265X',64,150,pos 3,White LED,53,0.11894,0.2857,0.58659773,0.210202595,0.796800324,1.58113883,0.005844912,0.019440422,0.041215351,0.007007629,0.045704572,586.171,113.5027143,292.3115,2832.589286,7670.207143,1209.352857,1314.334286,1350.64,388.5276429,113.8704286,2904.934286,5330.362857,3393.05,1310.862857,1508.477857,899.0728571,338.7031429,192.7447857
Leaf: 12 pos 1,Leaf: 12,b'AS7265X',64,150,pos 1,White LED,58,0.12088,0.27578,0.56296,0.228342486,0.791302486,1.58113883,0.026158689,0.030631797,0.056165833,0.079926429,0.1336132,404.6787143,75.66842857,245.8074286,1796.440714,4760.376429,903.9607143,1096.768571,998.0521429,292.5949286,77.91135714,2125.16,3641.163571,2880.891429,835.495,1316.037857,769.795,293.1085,167.6041429
Leaf: 12 pos 2,Leaf: 12,b'AS7265X',64,150,pos 2,White LED,58,0.12088,0.27578,0.56296,0.228342486,0.791302486,1.58113883,0.026158689,0.030631797,0.056165833,0.079926429,0.1336132,588.6235714,87.01871429,272.3812143,2307.786429,5953.661429,1191.029286,1260.688571,1273.867143,309.3831429,89.89771429,2405.22,4077.54,3657.132143,1159.609286,1359.492143,805.0521429,325.6761429,184.3645714
Leaf: 12 pos 3,Leaf: 12,b'AS7265X',64,150,pos 3,White LED,58,0.12088,0.27578,0.56296,0.228342486,0.791302486,1.58113883,0.026158689,0.030631797,0.056165833,0.079926429,0.1336132,524.856,79.45192857,239.164,1850.266429,5047.531429,1062.765,1150.415,1103.26,304.5865,71.91821429,1872.557143,3702.162143,2928.906429,1109.191429,1167.052857,728.6607143,312.6490714,192.7447857
Leaf: 13 pos 1,Leaf: 13,b'AS7265X',64,150,pos 1,White LED,63,0.10226,0.2734,0.567570919,0.152707676,0.720278595,1.58113883,0.00673075,0.0157596,0.032318792,0.012775272,0.044428358,613.1495714,98.369,292.3115,1897.363571,4753.995714,903.9607143,1859.738571,1671.950714,357.3495,95.89092857,2185.565,4265.228571,3056.946429,972.3428571,1458.815714,887.3207143,358.2437143,217.8854286
Leaf: 13 pos 2,Leaf: 13,b'AS7265X',64,150,pos 2,White LED,63,0.10226,0.2734,0.567570919,0.152707676,0.720278595,1.58113883,0.00673075,0.0157596,0.032318792,0.012775272,0.044428358,581.2657857,98.369,312.2418571,3175.73,7874.407143,1246,1594.487143,1464.378571,350.1545714,89.89771429,3206.96,6090.502143,4313.335,1195.622143,1489.854286,863.8157143,377.7842857,209.5052143
Leaf: 13 pos 3,Leaf: 13,b'AS7265X',64,150,pos 3,White LED,63,0.10226,0.2734,0.567570919,0.152707676,0.720278595,1.58113883,0.00673075,0.0157596,0.032318792,0.012775272,0.044428358,662.2015714,102.1524286,325.5287143,2543.275,5979.186429,1136.058571,1779.269286,1632.142143,366.9427857,95.89092857,2300.883571,4893.986429,3713.149286,1188.419286,1458.815714,857.9392857,377.7842857,226.2656429
Leaf: 14 pos 1,Leaf: 14,b'AS7265X',64,150,pos 1,White LED,68,0.09396,0.24604,0.509730667,0.145528937,0.655259604,1.58113883,0.015358809,0.038101877,0.078802351,0.028896048,0.103566956,534.6664286,90.80214286,205.9467857,1540.767143,4747.614286,922.2842857,1218.963571,1268.18,306.9848571,89.89771429,1762.73,3627.086429,3353.037857,950.7357143,1247.752857,716.9078571,299.622,159.224
Leaf: 14 pos 2,Leaf: 14,b'AS7265X',64,150,pos 2,White LED,68,0.09396,0.24604,0.509730667,0.145528937,0.655259604,1.58113883,0.015358809,0.038101877,0.078802351,0.028896048,0.103566956,311.48,41.61765714,112.9385714,793.9321429,3024.69,549.7059286,622.8932857,719.3935714,146.2974286,47.94545,933.5328571,1980.117143,1760.545,475.3677857,620.7727143,364.3303571,149.811,83.80207143
Leaf: 14 pos 3,Leaf: 14,b'AS7265X',64,150,pos 3,White LED,68,0.09396,0.24604,0.509730667,0.145528937,0.655259604,1.58113883,0.015358809,0.038101877,0.078802351,0.028896048,0.103566956,802,113.5027143,365.3893571,2960.426429,6859.792143,1478.097857,1761.387143,1768.627857,383.731,113.8704286,2789.615714,5189.595714,3801.176429,1109.191429,1651.255,951.96,384.2977857,243.0260714
Leaf: 15 pos 1,Leaf: 15,b'AS7265X',64,150,pos 1,White LED,73,0.10466,0.2647,0.546463892,0.171544432,0.718008324,1.58113883,0.011250467,0.022682923,0.045629475,0.024461377,0.069786413,586.171,68.10161429,265.7377857,2045.385714,4913.525714,1203.245,1105.71,1180.032857,369.3411429,77.91135714,2136.142857,3641.163571,3345.035714,1339.672857,1880.940714,1098.867143,364.7572857,209.5052143
Leaf: 15 pos 2,Leaf: 15,b'AS7265X',64,150,pos 2,White LED,73,0.10466,0.2647,0.546463892,0.171544432,0.718008324,1.58113883,0.011250467,0.022682923,0.045629475,0.024461377,0.069786413,448.8255,60.53477143,205.9467857,1608.05,3905.295714,934.5,1043.122857,998.0521429,273.4083571,65.925,1735.272857,2824.716429,2648.82,929.1278571,1253.960714,746.2892857,267.0544286,159.224
Leaf: 15 pos 3,Leaf: 15,b'AS7265X',64,150,pos 3,White LED,73,0.10466,0.2647,0.546463892,0.171544432,0.718008324,1.58113883,0.011250467,0.022682923,0.045629475,0.024461377,0.069786413,600.8866429,83.23528571,232.5205,1917.548571,5251.729286,1068.872857,1156.375714,1211.310714,345.3579286,83.90457143,1883.54,3711.546429,2960.916429,1246.04,1390.530714,840.31,319.1626429,192.7447857
Leaf: 16 pos 1,Leaf: 16,b'AS7265X',64,150,pos 1,White LED,78,0.11918,0.29068,0.59781027,0.206183568,0.803993838,1.58113883,0.021639593,0.051097916,0.104842805,0.040283879,0.143500908,696.538,94.58557143,325.5287143,2550.003571,5787.75,1600.255,1365.000714,1458.691429,395.7226429,107.8772857,2866.495,4152.615714,4249.315,1325.267857,1787.825,1040.104286,384.2977857,209.5052143
Leaf: 16 pos 2,Leaf: 16,b'AS7265X',64,150,pos 2,White LED,78,0.11918,0.29068,0.59781027,0.206183568,0.803993838,1.58113883,0.021639593,0.051097916,0.104842805,0.040283879,0.143500908,652.3911429,87.01871429,305.5984286,2583.645,6393.964286,1307.078571,1391.823571,1433.100714,388.5276429,95.89092857,2498.573571,4359.072857,3497.082857,1253.242143,1744.371429,1028.351429,364.7572857,201.125
Leaf: 16 pos 3,Leaf: 16,b'AS7265X',64,150,pos 3,White LED,78,0.11918,0.29068,0.59781027,0.206183568,0.803993838,1.58113883,0.021639593,0.051097916,0.104842805,0.040283879,0.143500908,787.2842857,98.369,285.6680714,2583.645,6017.472857,1282.647143,1290.491429,1495.656429,366.9427857,119.8636429,2558.978571,4030.617143,3393.05,1094.786429,1545.723571,887.3207143,319.1626429,175.9843571
Leaf: 17 pos 1,Leaf: 17,b'AS7265X',64,150,pos 1,White LED,83,0.12538,0.287,0.586088973,0.235880865,0.821969838,1.58113883,0.023186138,0.031993202,0.060694833,0.065919554,0.124674512,448.8255,64.31819286,192.6598571,1278.365714,3586.235714,861.2057143,1016.299286,1015.112857,254.2217857,71.91821429,1411.282143,2416.493571,2864.886429,864.305,1104.975714,658.1450714,260.5409286,142.4635714
Leaf: 17 pos 2,Leaf: 17,b'AS7265X',64,150,pos 2,White LED,83,0.12538,0.287,0.586088973,0.235880865,0.821969838,1.58113883,0.023186138,0.031993202,0.060694833,0.065919554,0.124674512,529.7612143,79.45192857,239.164,2011.744286,5079.436429,1068.872857,1159.356429,1174.346429,294.9932143,77.91135714,1993.367143,3448.782143,3072.951429,1058.773571,1253.960714,763.9185714,312.6490714,184.3645714
Leaf: 17 pos 3,Leaf: 17,b'AS7265X',64,150,pos 3,White LED,83,0.12538,0.287,0.586088973,0.235880865,0.821969838,1.58113883,0.023186138,0.031993202,0.060694833,0.065919554,0.124674512,632.7704286,90.80214286,219.2336429,1668.603571,4798.664286,1239.892143,1186.179286,1259.65,278.205,77.91135714,2152.617143,3186.017857,2808.869286,857.1028571,1111.182857,664.0214286,319.1626429,175.9843571
Leaf: 18 pos 1,Leaf: 18,b'AS7265X',64,150,pos 1,White LED,88,0.12348,0.2845,0.581418883,0.230440505,0.811859387,1.58113883,0.010545947,0.017419673,0.037177376,0.038602653,0.053082738,414.4891429,75.66842857,259.0942857,2005.015714,5175.154286,1007.794286,980.535,969.6178571,311.7814286,83.90457143,2377.762857,4030.617143,2848.881429,921.9257143,1564.347143,881.4442857,280.0814286,142.4635714
Leaf: 18 pos 2,Leaf: 18,b'AS7265X',64,150,pos 2,White LED,88,0.12348,0.2845,0.581418883,0.230440505,0.811859387,1.58113883,0.010545947,0.017419673,0.037177376,0.038602653,0.053082738,667.1067857,83.23528571,225.8770714,1850.266429,4926.287857,1154.382143,1266.648571,1507.03,292.5949286,83.90457143,2361.289286,3458.167143,3120.965714,907.5207143,1210.506429,711.0317857,286.595,150.8437857
Leaf: 18 pos 3,Leaf: 18,b'AS7265X',64,150,pos 3,White LED,88,0.12348,0.2845,0.581418883,0.230440505,0.811859387,1.58113883,0.010545947,0.017419673,0.037177376,0.038602653,0.053082738,787.2842857,121.0695714,352.1025,3189.186429,8435.95,1392.588571,1674.957143,1751.567143,486.8587143,125.8567857,3069.675714,5771.431429,3785.171429,1318.065,1943.018571,1104.743571,397.3248571,217.8854286
Leaf: 19 pos 1,Leaf: 19,b'AS7265X',64,150,pos 1,White LED,93,0.03946,0.0992,0.204667135,0.065282811,0.269949946,1.58113883,0.004546757,0.008954608,0.018806231,0.014476306,0.025737638,1326.855714,196.738,405.2500714,4144.596429,8933.685714,1569.715714,2840.273571,3341.057143,774.6571429,215.7545714,4848.879286,8530.457143,7322.264286,1901.471429,2216.158571,1181.135,514.5682857,251.4062857
Leaf: 19 pos 2,Leaf: 19,b'AS7265X',64,150,pos 2,White LED,93,0.03946,0.0992,0.204667135,0.065282811,0.269949946,1.58113883,0.004546757,0.008954608,0.018806231,0.014476306,0.025737638,880.4828571,139.9866429,292.3115,2637.470714,7472.385714,1331.51,2452.827857,2456.743571,587.5880714,143.8363571,3849.45,7343.328571,5249.625,1433.305714,1719.54,910.8257143,410.3519286,209.5052143
Leaf: 19 pos 3,Leaf: 19,b'AS7265X',64,150,pos 3,White LED,93,0.03946,0.0992,0.204667135,0.065282811,0.269949946,1.58113883,0.004546757,0.008954608,0.018806231,0.014476306,0.025737638,816.715,121.0695714,338.8156429,2610.557143,6700.262143,1398.696429,2268.046429,2189.459286,544.4184286,131.85,3432.106429,6780.258571,4345.345,1411.698571,1806.448571,934.3307143,371.2707857,201.125
Leaf: 20 pos 1,Leaf: 20,b'AS7265X',64,150,pos 1,White LED,98,0.12232,0.32792,0.680931892,0.181767784,0.862699676,1.58113883,0.005700614,0.015328796,0.031918518,0.009394512,0.040028297,762.7578571,121.0695714,352.1025,3444.859286,8761.392857,1392.588571,1362.02,1580.96,362.1461429,119.8636429,3487.02,6714.567143,3024.936429,1310.862857,1440.192857,887.3207143,325.6761429,184.3645714
Leaf: 20 pos 2,Leaf: 20,b'AS7265X',64,150,pos 2,White LED,98,0.12232,0.32792,0.680931892,0.181767784,0.862699676,1.58113883,0.005700614,0.015328796,0.031918518,0.009394512,0.040028297,593.5287857,109.7192857,325.5287143,3054.621429,7689.35,1178.813571,1436.528571,1407.509286,354.9512143,101.8840714,2899.442857,5701.047857,3649.129286,1037.166429,1520.892857,875.5678571,358.2437143,209.5052143
Leaf: 20 pos 3,Leaf: 20,b'AS7265X',64,150,pos 3,White LED,98,0.12232,0.32792,0.680931892,0.181767784,0.862699676,1.58113883,0.005700614,0.015328796,0.031918518,0.009394512,0.040028297,647.4859286,113.5027143,338.8156429,3121.904286,7906.307143,1276.539286,1442.489286,1504.186429,352.5528571,107.8772857,3058.692857,5588.434286,4849.500714,1274.85,1570.555,904.9492857,403.8384286,209.5052143
Leaf: 21 pos 1,Leaf: 21,b'AS7265X',64,150,pos 1,White LED,103,0.1029,0.28218,0.587222378,0.146530811,0.733753189,1.58113883,0.006754258,0.020148623,0.042623433,0.013156118,0.049017914,478.2566429,87.01871429,285.6680714,2610.557143,6751.312143,1172.705714,1293.472143,1197.093571,290.1965714,83.90457143,2602.909286,4847.063571,3200.990714,1051.571429,1353.284286,775.6707143,299.622,167.6041429
Leaf: 21 pos 2,Leaf: 21,b'AS7265X',64,150,pos 2,White LED,103,0.1029,0.28218,0.587222378,0.146530811,0.733753189,1.58113883,0.006754258,0.020148623,0.042623433,0.013156118,0.049017914,470.8988571,87.01871429,179.373,1251.452857,4269.024286,684.0785,995.4371429,1046.390714,237.4335714,83.90457143,1488.161429,2988.944286,2384.737857,698.6467143,893.9128571,522.9903571,227.9732857,117.3229286
Leaf: 21 pos 3,Leaf: 21,b'AS7265X',64,150,pos 3,White LED,103,0.1029,0.28218,0.587222378,0.146530811,0.733753189,1.58113883,0.006754258,0.020148623,0.042623433,0.013156118,0.049017914,463.5410714,75.66842857,179.373,1365.832857,3879.770714,751.265,923.9085714,958.2435714,237.4335714,77.91135714,1460.704286,3007.713571,2456.760714,770.6721429,912.5357143,540.6191429,241.0003571,134.0833571
Leaf: 22 pos 1,Leaf: 22,b'AS7265X',64,150,pos 1,White LED,108,0.13656,0.34548,0.713252757,0.223729297,0.936982054,1.58113883,0.012036735,0.029779976,0.061678775,0.023670689,0.080763718,367.8897857,60.53477143,199.3032857,1123.616429,3362.893571,690.1863571,819.5964286,870.0964286,206.2554286,53.93863571,1367.350714,2383.647857,2128.658571,885.9128571,831.835,522.9903571,254.0273571,159.224
Leaf: 22 pos 2,Leaf: 22,b'AS7265X',64,150,pos 2,White LED,108,0.13656,0.34548,0.713252757,0.223729297,0.936982054,1.58113883,0.012036735,0.029779976,0.061678775,0.023670689,0.080763718,539.5716429,87.01871429,259.0942857,2072.298571,5749.463571,1074.980714,1055.044286,1131.694286,287.7982857,89.89771429,2130.651429,3936.772857,2696.834286,835.495,1253.960714,722.7842857,280.0814286,150.8437857
Leaf: 22 pos 3,Leaf: 22,b'AS7265X',64,150,pos 3,White LED,108,0.13656,0.34548,0.713252757,0.223729297,0.936982054,1.58113883,0.012036735,0.029779976,0.061678775,0.023670689,0.080763718,434.1099286,71.88507143,225.8770714,1944.461429,5417.64,891.745,971.5942857,972.4607143,275.8067143,65.925,1954.927857,3641.163571,3048.943571,921.9257143,1291.207143,763.9185714,293.1085,167.6041429
Leaf: 23 pos 1,Leaf: 23,b'AS7265X',64,150,pos 1,White LED,113,0.11334,0.2922,0.60441827,0.180174486,0.784592757,1.58113883,0.00737855,0.018942281,0.039208843,0.012296087,0.05085007,463.5410714,71.88507143,199.3032857,1493.669286,4096.732143,867.3135714,873.2428571,966.7742857,244.6285,77.91135714,1652.902143,2688.642143,2480.767857,864.305,1042.897857,640.5162143,254.0273571,150.8437857
Leaf: 23 pos 2,Leaf: 23,b'AS7265X',64,150,pos 2,White LED,113,0.11334,0.2922,0.60441827,0.180174486,0.784592757,1.58113883,0.00737855,0.018942281,0.039208843,0.012296087,0.05085007,225.6390714,45.40107857,99.65164286,753.5628571,2501.431429,476.4117857,432.1507857,491.9174286,124.7125714,41.95227143,900.5842857,1646.969286,1216.376429,396.1398571,502.8258571,323.1962143,143.2975,92.18228571
Leaf: 23 pos 3,Leaf: 23,b'AS7265X',64,150,pos 3,White LED,113,0.11334,0.2922,0.60441827,0.180174486,0.784592757,1.58113883,0.00737855,0.018942281,0.039208843,0.012296087,0.05085007,448.8255,102.1524286,312.2418571,1883.907857,4766.757857,989.4707143,1359.04,1188.563571,366.9427857,89.89771429,1817.643571,3960.234286,3825.184286,1029.963571,1638.84,951.96,410.3519286,268.1666429
Leaf: 24 pos 1,Leaf: 24,b'AS7265X',64,150,pos 1,White LED,118,0.11076,0.27572,0.568275387,0.185990198,0.754265586,1.58113883,0.006231613,0.009564622,0.019024375,0.018664353,0.033657506,581.2657857,98.369,292.3115,2193.406429,5609.076429,1093.304286,1359.04,1353.483571,362.1461429,95.89092857,2284.41,4162,3689.141429,1260.445,1645.047143,975.465,364.7572857,201.125
Leaf: 24 pos 2,Leaf: 24,b'AS7265X',64,150,pos 2,White LED,118,0.11076,0.27572,0.568275387,0.185990198,0.754265586,1.58113883,0.006231613,0.009564622,0.019024375,0.018664353,0.033657506,787.2842857,121.0695714,285.6680714,2260.688571,5717.557143,1172.705714,1683.897857,1816.966429,407.7142143,131.85,2350.306429,4077.54,3481.077143,1195.622143,1514.685,893.1971429,338.7031429,184.3645714
Leaf: 24 pos 3,Leaf: 24,b'AS7265X',64,150,pos 3,White LED,118,0.11076,0.27572,0.568275387,0.185990198,0.754265586,1.58113883,0.006231613,0.009564622,0.019024375,0.018664353,0.033657506,723.5164286,113.5027143,279.0246429,2462.536429,6610.925,1142.166429,1367.980714,1532.621429,376.5360714,113.8704286,2537.012857,4588.992143,3577.107143,1188.419286,1496.062143,869.6914286,338.7031429,184.3645714
Leaf: 25 pos 1,Leaf: 25,b'AS7265X',64,150,pos 1,White LED,123,0.11618,0.294,0.606987712,0.190260685,0.797248396,1.58113883,0.012638315,0.012530363,0.022417865,0.04160339,0.061120272,571.4554286,98.369,345.4590714,2866.230714,7702.114286,1374.265,1525.939286,1413.196429,345.3579286,89.89771429,3108.115714,6137.424286,3393.05,993.9507143,1440.192857,799.1764286,325.6761429,184.3645714
Leaf: 25 pos 2,Leaf: 25,b'AS7265X',64,150,pos 2,White LED,123,0.11618,0.294,0.606987712,0.190260685,0.797248396,1.58113883,0.012638315,0.012530363,0.022417865,0.04160339,0.061120272,529.7612143,79.45192857,345.4590714,2839.317857,6081.285714,1423.127857,1505.077143,1322.205714,333.3663571,77.91135714,2663.314286,4739.142143,4097.268571,1627.774286,1477.438571,899.0728571,397.3248571,217.8854286
Leaf: 25 pos 3,Leaf: 25,b'AS7265X',64,150,pos 3,White LED,123,0.11618,0.294,0.606987712,0.190260685,0.797248396,1.58113883,0.012638315,0.012530363,0.022417865,0.04160339,0.061120272,789.7364286,90.80214286,292.3115,2038.657143,5053.912143,1087.196429,1853.777857,1853.931429,314.1797857,95.89092857,1965.910714,3941.465714,3897.206429,1238.837143,1316.037857,758.0421429,358.2437143,201.125
Leaf: 26 pos 1,Leaf: 26,b'AS7265X',64,150,pos 1,White LED,128,0.10188,0.28234,0.588136288,0.142094559,0.730230847,1.58113883,0.006990136,0.008692986,0.01902783,0.027986074,0.030656517,605.7918571,87.01871429,252.4508571,2307.786429,5545.264286,1337.617857,1367.980714,1455.847857,283.0016429,89.89771429,2537.012857,4274.612857,3184.985714,878.71,1055.313571,611.1347143,273.5679286,150.8437857
Leaf: 26 pos 2,Leaf: 26,b'AS7265X',64,150,pos 2,White LED,128,0.10188,0.28234,0.588136288,0.142094559,0.730230847,1.58113883,0.006990136,0.008692986,0.01902783,0.027986074,0.030656517,615.6021429,90.80214286,318.8852857,2866.230714,6821.505,1374.265,1528.92,1455.847857,333.3663571,89.89771429,3009.270714,5316.285714,3865.196429,1037.166429,1359.492143,752.1657143,332.1896429,175.9843571
Leaf: 26 pos 3,Leaf: 26,b'AS7265X',64,150,pos 3,White LED,128,0.10188,0.28234,0.588136288,0.142094559,0.730230847,1.58113883,0.006990136,0.008692986,0.01902783,0.027986074,0.030656517,713.7060714,98.369,318.8852857,2240.504286,4983.718571,1148.274286,1543.821429,1606.550714,321.3747143,113.8704286,2191.056429,3847.620714,3617.12,1303.66,1291.207143,746.2892857,338.7031429,217.8854286
Leaf: 27 pos 1,Leaf: 27,b'AS7265X',64,150,pos 1,White LED,133,0.12904,0.322,0.663828901,0.215904577,0.879733477,1.58113883,0.006497153,0.018996184,0.039772172,0.008214753,0.047796852,441.4677143,64.31819286,199.3032857,1439.843571,3752.146429,885.6371429,849.4,855.8792857,273.4083571,71.91821429,1526.600714,2618.259286,2424.750714,806.685,1309.830714,734.5371429,273.5679286,150.8437857
Leaf: 27 pos 2,Leaf: 27,b'AS7265X',64,150,pos 2,White LED,133,0.12904,0.322,0.663828901,0.215904577,0.879733477,1.58113883,0.006497153,0.018996184,0.039772172,0.008214753,0.047796852,755.4,102.1524286,385.3197143,3713.989286,8333.85,1930.078571,1487.195,1617.925,431.6974286,113.8704286,3487.02,5851.199286,4729.463571,1462.115714,1756.786429,1057.732857,423.3789286,234.6458571
Leaf: 27 pos 3,Leaf: 27,b'AS7265X',64,150,pos 3,White LED,133,0.12904,0.322,0.663828901,0.215904577,0.879733477,1.58113883,0.006497153,0.018996184,0.039772172,0.008214753,0.047796852,662.2015714,102.1524286,318.8852857,2375.069286,5800.512857,1502.529286,1621.310714,1515.560714,455.6806429,113.8704286,2762.159286,4185.460714,4329.34,1505.331429,1905.772143,1075.362143,429.8925,226.2656429
Leaf: 28 pos 1,Leaf: 28,b'AS7265X',64,150,pos 1,White LED,138,0.10868,0.26934,0.554865658,0.183710414,0.738576072,1.58113883,0.007504132,0.019377642,0.040097375,0.01199008,0.051963613,306.5747857,49.1845,186.0164286,1419.658571,3713.86,830.6664286,783.8321429,719.3935714,218.247,53.93863571,1636.428571,2646.412143,2216.685714,705.8491429,1030.482857,605.2585,227.9732857,134.0833571
Leaf: 28 pos 2,Leaf: 28,b'AS7265X',64,150,pos 2,White LED,138,0.10868,0.26934,0.554865658,0.183710414,0.738576072,1.58113883,0.007504132,0.019377642,0.040097375,0.01199008,0.051963613,620.5073571,83.23528571,252.4508571,2536.547143,6151.478571,1111.627143,1260.688571,1327.892857,318.9764286,95.89092857,2509.556429,4176.076429,3224.997857,993.9507143,1328.453571,763.9185714,286.595,150.8437857
Leaf: 28 pos 3,Leaf: 28,b'AS7265X',64,150,pos 3,White LED,138,0.10868,0.26934,0.554865658,0.183710414,0.738576072,1.58113883,0.007504132,0.019377642,0.040097375,0.01199008,0.051963613,551.8346429,83.23528571,232.5205,1789.712143,4715.708571,989.4707143,1215.982857,1251.119286,345.3579286,77.91135714,1927.470714,3453.474286,3024.936429,986.7485714,1353.284286,787.4235714,286.595,159.224
Leaf: 29 pos 1,Leaf: 29,b'AS7265X',64,150,pos 1,White LED,143,0.11874,0.28646,0.58843636,0.20859755,0.79703391,1.58113883,0.007360231,0.013401791,0.026617526,0.017641188,0.043742565,519.9508571,75.66842857,186.0164286,1695.517143,5494.215,922.2842857,1090.807857,1168.659286,292.5949286,77.91135714,2031.807143,3594.241429,3465.072143,1073.178571,1160.845,699.2791429,280.0814286,150.8437857
Leaf: 29 pos 2,Leaf: 29,b'AS7265X',64,150,pos 2,White LED,143,0.11874,0.28646,0.58843636,0.20859755,0.79703391,1.58113883,0.007360231,0.013401791,0.026617526,0.017641188,0.043742565,600.8866429,98.369,259.0942857,2361.612143,5583.551429,1313.186429,1171.277857,1273.867143,376.5360714,95.89092857,2613.892143,4162,3016.933571,1152.407143,1396.738571,816.805,299.622,159.224
Leaf: 29 pos 3,Leaf: 29,b'AS7265X',64,150,pos 3,White LED,143,0.11874,0.28646,0.58843636,0.20859755,0.79703391,1.58113883,0.007360231,0.013401791,0.026617526,0.017641188,0.043742565,549.3820714,75.66842857,252.4508571,1897.363571,5117.724286,1117.735,1096.768571,1145.911429,321.3747143,83.90457143,1960.419286,3500.396429,3080.953571,1058.773571,1471.231429,846.1864286,293.1085,159.224
Leaf: 30 pos 1,Leaf: 30,b'AS7265X',64,150,pos 1,White LED,148,0.1351,0.34048,0.702651928,0.222655495,0.925307423,1.58113883,0.005451147,0.014152809,0.029317585,0.008816723,0.037798098,397.3209286,60.53477143,205.9467857,1897.363571,4945.431429,1136.058571,879.2035714,966.7742857,235.0352143,65.925,2498.573571,3650.547857,3833.186429,691.4441429,1136.014286,634.6399286,260.5409286,125.7031429
Leaf: 30 pos 2,Leaf: 30,b'AS7265X',64,150,pos 2,White LED,148,0.1351,0.34048,0.702651928,0.222655495,0.925307423,1.58113883,0.005451147,0.014152809,0.029317585,0.008816723,0.037798098,370.3423571,68.10161429,192.6598571,1594.592857,4115.875,1013.902143,897.0857143,924.1221429,237.4335714,65.925,1834.117857,2744.949286,2600.805,691.4441429,937.3664286,540.6191429,221.4597857,108.9427143
Leaf: 30 pos 3,Leaf: 30,b'AS7265X',64,150,pos 3,White LED,148,0.1351,0.34048,0.702651928,0.222655495,0.925307423,1.58113883,0.005451147,0.014152809,0.029317585,0.008816723,0.037798098,358.0793571,56.75135,172.7295714,1507.126429,4651.896429,861.2057143,852.38,833.1314286,201.4587857,59.93181429,1757.238571,2956.098571,2456.760714,662.6339286,887.705,522.9903571,214.9462857,108.9427143
Leaf: 31 pos 1,Leaf: 31,b'AS7265X',64,150,pos 1,White LED,153,0.08998,0.2411,0.500624108,0.133833297,0.634457405,1.58113883,0.003948671,0.013363383,0.028498766,0.006844051,0.030711792,370.3423571,68.10161429,279.0246429,1460.028571,3886.152143,855.0978571,1233.865,986.6785714,299.7898571,65.925,1515.617857,3242.324286,3609.117143,1130.799286,1489.854286,857.9392857,338.7031429,175.9843571
Leaf: 31 pos 2,Leaf: 31,b'AS7265X',64,150,pos 2,White LED,153,0.08998,0.2411,0.500624108,0.133833297,0.634457405,1.58113883,0.003948671,0.013363383,0.028498766,0.006844051,0.030711792,627.8651429,105.9358571,305.5984286,2859.502857,6929.985714,1215.460714,1543.821429,1532.621429,347.7562143,107.8772857,2767.650714,5147.365714,3497.082857,1065.976429,1390.530714,799.1764286,319.1626429,184.3645714
Leaf: 31 pos 3,Leaf: 31,b'AS7265X',64,150,pos 3,White LED,153,0.08998,0.2411,0.500624108,0.133833297,0.634457405,1.58113883,0.003948671,0.013363383,0.028498766,0.006844051,0.030711792,598.4340714,87.01871429,272.3812143,1836.81,5290.016429,1313.186429,1350.098571,1461.535,294.9932143,83.90457143,2300.883571,4368.457143,3233.000714,1152.407143,1297.415,769.795,325.6761429,184.3645714
Leaf: 32 pos 1,Leaf: 32,b'AS7265X',64,150,pos 1,White LED,158,0.08772,0.24368,0.50771755,0.121758414,0.629475964,1.58113883,0.008074466,0.02260469,0.047223653,0.01231336,0.057880848,706.3483571,113.5027143,259.0942857,2327.971429,5838.8,1020.01,1618.33,1714.602143,342.9596429,119.8636429,2317.357857,4598.376429,3657.132143,1058.773571,1247.752857,711.0317857,306.1355714,167.6041429
Leaf: 32 pos 2,Leaf: 32,b'AS7265X',64,150,pos 2,White LED,158,0.08772,0.24368,0.50771755,0.121758414,0.629475964,1.58113883,0.008074466,0.02260469,0.047223653,0.01231336,0.057880848,645.0333571,113.5027143,265.7377857,2166.493571,5538.882857,952.8235714,1704.760714,1700.385,357.3495,125.8567857,2339.323571,4363.765,3681.139286,1109.191429,1235.337857,728.6607143,338.7031429,192.7447857
Leaf: 32 pos 3,Leaf: 32,b'AS7265X',64,150,pos 3,White LED,158,0.08772,0.24368,0.50771755,0.121758414,0.629475964,1.58113883,0.008074466,0.02260469,0.047223653,0.01231336,0.057880848,519.9508571,94.58557143,252.4508571,2220.32,6125.953571,983.3628571,1400.765,1333.579286,290.1965714,89.89771429,2355.797857,4415.379286,3273.012857,763.4692857,1098.767857,611.1347143,299.622,184.3645714
Leaf: 33 pos 1,Leaf: 33,b'AS7265X',64,150,pos 1,White LED,163,0.11154,0.28168,0.581428937,0.183245477,0.764674414,1.58113883,0.007331644,0.016004749,0.032621015,0.015477027,0.046763059,439.0150714,79.45192857,265.7377857,2166.493571,5449.546429,958.9314286,1204.061429,1060.607857,345.3579286,77.91135714,2070.246429,4007.156429,3953.223571,1354.077857,1601.593571,922.5785714,384.2977857,234.6458571
Leaf: 33 pos 2,Leaf: 33,b'AS7265X',64,150,pos 2,White LED,163,0.11154,0.28168,0.581428937,0.183245477,0.764674414,1.58113883,0.007331644,0.016004749,0.032621015,0.015477027,0.046763059,686.7275,113.5027143,298.9549286,3290.11,7804.207143,1252.107857,1493.155714,1546.838571,419.7057857,119.8636429,3135.572143,5602.511429,4329.34,1490.926429,1781.617143,1028.351429,403.8384286,226.2656429
Leaf: 33 pos 3,Leaf: 33,b'AS7265X',64,150,pos 3,White LED,163,0.11154,0.28168,0.581428937,0.183245477,0.764674414,1.58113883,0.007331644,0.016004749,0.032621015,0.015477027,0.046763059,627.8651429,98.369,312.2418571,3094.990714,7025.703571,1441.451429,1344.137857,1376.231429,402.9175714,101.8840714,2981.814286,5184.903571,3985.233571,1447.710714,1750.578571,993.0942857,384.2977857,226.2656429
Leaf: 34 pos 1,Leaf: 34,b'AS7265X',64,150,pos 1,White LED,168,0.10678,0.26858,0.554158378,0.176514378,0.730672757,1.58113883,0.013503962,0.032344041,0.066391935,0.023999801,0.09033557,789.7364286,117.2861429,298.9549286,2718.209286,7504.292857,1246,1564.683571,1637.829286,470.0705,113.8704286,2454.642143,5081.675,4609.426429,1757.420714,1887.148571,1116.496429,449.4330714,259.7865
Leaf: 34 pos 2,Leaf: 34,b'AS7265X',64,150,pos 2,White LED,168,0.10678,0.26858,0.554158378,0.176514378,0.730672757,1.58113883,0.013503962,0.032344041,0.066391935,0.023999801,0.09033557,546.9294286,75.66842857,219.2336429,1628.234286,4530.653571,1020.01,971.5942857,1089.042857,304.5865,83.90457143,1834.117857,3129.711429,3289.017857,1130.799286,1378.115,799.1764286,319.1626429,184.3645714
Leaf: 34 pos 3,Leaf: 34,b'AS7265X',64,150,pos 3,White LED,168,0.10678,0.26858,0.554158378,0.176514378,0.730672757,1.58113883,0.013503962,0.032344041,0.066391935,0.023999801,0.09033557,743.1371429,117.2861429,312.2418571,2940.241429,6630.068571,1319.294286,1519.978571,1595.177143,506.0452857,125.8567857,2712.736429,4682.835714,4585.419286,1454.913571,2054.757143,1128.248571,423.3789286,234.6458571
Leaf: 35 pos 1,Leaf: 35,b'AS7265X',64,150,pos 1,White LED,173,0.11936,0.29576,0.609282883,0.20181218,0.811095063,1.58113883,0.005350981,0.015085357,0.031864832,0.011716332,0.037449965,556.7397857,87.01871429,292.3115,2321.243571,5513.358571,1355.941429,1379.902143,1276.710714,390.926,95.89092857,2575.452143,4082.232143,2840.879286,1116.394286,1632.632143,957.8364286,351.7302143,209.5052143
Leaf: 35 pos 2,Leaf: 35,b'AS7265X',64,150,pos 2,White LED,173,0.11936,0.29576,0.609282883,0.20181218,0.811095063,1.58113883,0.005350981,0.015085357,0.031864832,0.011716332,0.037449965,642.5807857,98.369,305.5984286,3054.621429,7657.442857,1417.02,1308.373571,1367.700714,362.1461429,101.8840714,2992.796429,5428.899286,3152.975714,1152.407143,1440.192857,887.3207143,332.1896429,192.7447857
Leaf: 35 pos 3,Leaf: 35,b'AS7265X',64,150,pos 3,White LED,173,0.11936,0.29576,0.609282883,0.20181218,0.811095063,1.58113883,0.005350981,0.015085357,0.031864832,0.011716332,0.037449965,593.5287857,90.80214286,259.0942857,1998.287857,5092.199286,1032.225714,1248.766429,1219.841429,323.7730714,83.90457143,1976.892857,3467.550714,3897.206429,1346.875714,1359.492143,857.9392857,403.8384286,243.0260714
Leaf: 36 pos 1,Leaf: 36,b'AS7265X',64,150,pos 1,White LED,178,0.11714,0.29914,0.618176757,0.18909773,0.807274486,1.58113883,0.009580605,0.019812824,0.0399742,0.020245339,0.060091642,532.2138571,94.58557143,318.8852857,2550.003571,5857.943571,1215.460714,1245.786429,1162.972143,321.3747143,95.89092857,2635.857143,4377.842143,3497.082857,1087.583571,1564.347143,922.5785714,364.7572857,209.5052143
Leaf: 36 pos 2,Leaf: 36,b'AS7265X',64,150,pos 2,White LED,178,0.11714,0.29914,0.618176757,0.18909773,0.807274486,1.58113883,0.009580605,0.019812824,0.0399742,0.020245339,0.060091642,684.2749286,94.58557143,305.5984286,3101.719286,7919.071429,1417.02,1230.884286,1359.170714,316.5781429,101.8840714,2976.322857,5114.520714,2664.825,957.9378571,1179.467857,734.5371429,306.1355714,184.3645714
Leaf: 36 pos 3,Leaf: 36,b'AS7265X',64,150,pos 3,White LED,178,0.11714,0.29914,0.618176757,0.18909773,0.807274486,1.58113883,0.009580605,0.019812824,0.0399742,0.020245339,0.060091642,735.7792857,113.5027143,298.9549286,2664.383571,7095.897143,1081.088571,1418.646429,1504.186429,374.1377143,113.8704286,2333.832143,4593.684286,3257.007857,1562.952143,1409.154286,904.9492857,390.8113571,234.6458571
Leaf: 37 pos 1,Leaf: 37,b'AS7265X',64,150,pos 1,White LED,183,0.1091,0.29256,0.607522414,0.162041441,0.769563856,1.58113883,0.010741276,0.026150105,0.05399089,0.02072007,0.071775741,652.3911429,109.7192857,332.1722143,3633.25,8908.157143,1288.755,1841.856429,1689.011429,393.3242857,107.8772857,3613.321429,6644.184286,4993.545,1195.622143,1402.946429,822.6814286,384.2977857,209.5052143
Leaf: 37 pos 2,Leaf: 37,b'AS7265X',64,150,pos 2,White LED,183,0.1091,0.29256,0.607522414,0.162041441,0.769563856,1.58113883,0.010741276,0.026150105,0.05399089,0.02072007,0.071775741,875.5778571,128.6363571,391.9631429,4104.227143,9074.071429,1545.284286,1850.797857,1879.522143,395.7226429,125.8567857,3607.83,6320.420714,4777.478571,1174.014286,1433.985,810.9285714,390.8113571,226.2656429
Leaf: 37 pos 3,Leaf: 37,b'AS7265X',64,150,pos 3,White LED,183,0.1091,0.29256,0.607522414,0.162041441,0.769563856,1.58113883,0.010741276,0.026150105,0.05399089,0.02072007,0.071775741,772.5685714,113.5027143,312.2418571,2704.752857,6247.197143,1191.029286,1695.819286,1728.819286,345.3579286,113.8704286,2558.978571,4922.14,3929.216429,1094.786429,1278.791429,734.5371429,358.2437143,209.5052143
Leaf: 38 pos 1,Leaf: 38,b'AS7265X',64,150,pos 1,White LED,188,0.12556,0.33062,0.685335568,0.19262227,0.877957838,1.58113883,0.00786721,0.016225967,0.033063389,0.01882322,0.048432228,836.3357143,121.0695714,272.3812143,2502.905714,6304.627857,1215.460714,1412.685714,1771.471429,374.1377143,119.8636429,2850.020714,4593.684286,3233.000714,849.9,1359.492143,752.1657143,293.1085,167.6041429
Leaf: 38 pos 2,Leaf: 38,b'AS7265X',64,150,pos 2,White LED,188,0.12556,0.33062,0.685335568,0.19262227,0.877957838,1.58113883,0.00786721,0.016225967,0.033063389,0.01882322,0.048432228,571.4554286,102.1524286,245.8074286,2361.612143,6272.721429,965.0392857,1207.042143,1282.397143,314.1797857,101.8840714,2333.832143,4255.844286,3088.956429,1058.773571,1278.791429,775.6707143,306.1355714,175.9843571
Leaf: 38 pos 3,Leaf: 38,b'AS7265X',64,150,pos 3,White LED,188,0.12556,0.33062,0.685335568,0.19262227,0.877957838,1.58113883,0.00786721,0.016225967,0.033063389,0.01882322,0.048432228,595.9814286,102.1524286,239.164,1830.081429,4753.995714,995.5785714,1198.100714,1299.457857,273.4083571,101.8840714,1861.574286,3580.164286,3216.995714,878.71,1117.390714,664.0214286,286.595,184.3645714
Leaf: 39 pos 1,Leaf: 39,b'AS7265X',64,150,pos 1,White LED,193,0.11358,0.28314,0.583655027,0.190321946,0.773976973,1.58113883,0.008013551,0.013505665,0.026558309,0.020484351,0.046146738,1012.922857,113.5027143,298.9549286,2354.884286,5947.280714,1209.352857,1585.546429,2078.564286,419.7057857,119.8636429,2454.642143,4448.225,3881.200714,1274.85,1806.448571,1028.351429,371.2707857,201.125
Leaf: 39 pos 2,Leaf: 39,b'AS7265X',64,150,pos 2,White LED,193,0.11358,0.28314,0.583655027,0.190321946,0.773976973,1.58113883,0.008013551,0.013505665,0.026558309,0.020484351,0.046146738,645.0333571,117.2861429,298.9549286,2798.948571,6821.505,1380.372857,1412.685714,1501.343571,414.9092143,119.8636429,2822.564286,4607.760714,4089.265714,1462.115714,1663.670714,993.0942857,397.3248571,217.8854286
Leaf: 39 pos 3,Leaf: 39,b'AS7265X',64,150,pos 3,White LED,193,0.11358,0.28314,0.583655027,0.190321946,0.773976973,1.58113883,0.008013551,0.013505665,0.026558309,0.020484351,0.046146738,622.9599286,102.1524286,285.6680714,2698.025,6681.118571,1166.597857,1379.902143,1407.509286,352.5528571,101.8840714,2504.065,4424.764286,3897.206429,1339.672857,1589.177857,916.7021429,371.2707857,209.5052143
Leaf: 40 pos 1,Leaf: 40,b'AS7265X',64,150,pos 1,White LED,198,0.11514,0.2853,0.587733946,0.194680432,0.782414378,1.58113883,0.010903577,0.027717233,0.057281929,0.018068759,0.074892367,642.5807857,109.7192857,285.6680714,2610.557143,6572.638571,1221.568571,1210.022143,1353.483571,422.1041429,119.8636429,2773.142143,4495.147143,4249.315,1411.698571,1744.371429,1028.351429,390.8113571,209.5052143
Leaf: 40 pos 2,Leaf: 40,b'AS7265X',64,150,pos 2,White LED,198,0.11514,0.2853,0.587733946,0.194680432,0.782414378,1.58113883,0.010903577,0.027717233,0.057281929,0.018068759,0.074892367,760.3057143,121.0695714,325.5287143,3041.165,7166.092857,1355.941429,1379.902143,1541.151429,472.4688571,131.85,2866.495,4983.137857,3985.233571,1476.521429,1986.472857,1169.382857,416.8654286,234.6458571
Leaf: 40 pos 3,Leaf: 40,b'AS7265X',64,150,pos 3,White LED,198,0.11514,0.2853,0.587733946,0.194680432,0.782414378,1.58113883,0.010903577,0.027717233,0.057281929,0.018068759,0.074892367,777.4735714,113.5027143,365.3893571,3478.500714,8206.228571,1471.99,1543.821429,1643.515714,491.6553571,125.8567857,3064.184286,5292.825,4025.245714,1577.356429,2104.419286,1251.650714,429.8925,243.0260714
Leaf: 41 pos 1,Leaf: 41,b'AS7265X',64,150,pos 1,White LED,203,0.11714,0.2823,0.579824036,0.206089441,0.785913477,1.58113883,0.013157621,0.020605218,0.039888665,0.034549098,0.074092004,831.4307143,109.7192857,285.6680714,2112.667857,5162.392857,1209.352857,1573.625,1799.905714,388.5276429,119.8636429,2289.901429,3913.312143,3281.015714,1152.407143,1520.892857,904.9492857,351.7302143,209.5052143
Leaf: 41 pos 2,Leaf: 41,b'AS7265X',64,150,pos 2,White LED,203,0.11714,0.2823,0.579824036,0.206089441,0.785913477,1.58113883,0.013157621,0.020605218,0.039888665,0.034549098,0.074092004,522.4034286,79.45192857,245.8074286,2052.113571,5870.705714,1068.872857,1135.513571,1182.876429,271.0100714,83.90457143,2114.177143,3552.011429,3353.037857,986.7485714,1216.714286,734.5371429,319.1626429,192.7447857
Leaf: 41 pos 3,Leaf: 41,b'AS7265X',64,150,pos 3,White LED,203,0.11714,0.2823,0.579824036,0.206089441,0.785913477,1.58113883,0.013157621,0.020605218,0.039888665,0.034549098,0.074092004,578.8132143,98.369,292.3115,2375.069286,6094.048571,1148.274286,1394.804286,1430.257143,376.5360714,101.8840714,2438.168571,4265.228571,3817.181429,1210.027143,1614.009286,957.8364286,371.2707857,209.5052143
Leaf: 42 pos 1,Leaf: 42,b'AS7265X',64,150,pos 1,White LED,208,0.11824,0.2841,0.583330883,0.208883315,0.792214198,1.58113883,0.005388692,0.014100709,0.029877375,0.014336762,0.035533212,515.0456429,71.88507143,192.6598571,1386.017857,3656.428571,806.2357143,1096.768571,1151.598571,247.0268571,77.91135714,1455.212857,2519.722143,2400.742857,799.4821429,1030.482857,605.2585,241.0003571,142.4635714
Leaf: 42 pos 2,Leaf: 42,b'AS7265X',64,150,pos 2,White LED,208,0.11824,0.2841,0.583330883,0.208883315,0.792214198,1.58113883,0.005388692,0.014100709,0.029877375,0.014336762,0.035533212,622.9599286,87.01871429,279.0246429,2502.905714,6330.152143,1380.372857,1177.238571,1236.902143,309.3831429,89.89771429,2537.012857,4260.536429,3152.975714,1008.355714,1303.622857,763.9185714,306.1355714,175.9843571
Leaf: 42 pos 3,Leaf: 42,b'AS7265X',64,150,pos 3,White LED,208,0.11824,0.2841,0.583330883,0.208883315,0.792214198,1.58113883,0.005388692,0.014100709,0.029877375,0.014336762,0.035533212,595.9814286,87.01871429,265.7377857,1776.255714,4907.144286,1111.627143,1317.315,1268.18,321.3747143,89.89771429,1850.591429,3270.477857,3000.928571,1080.381429,1322.245714,816.805,338.7031429,209.5052143
Leaf: 43 pos 1,Leaf: 43,b'AS7265X',64,150,pos 1,White LED,213,0.1045,0.2579,0.531063243,0.177735135,0.708798378,1.58113883,0.019514994,0.022752472,0.0439978,0.065212564,0.095705413,451.2781429,64.31819286,186.0164286,1338.92,3484.136429,781.8042857,1114.650714,1083.355714,211.0520714,77.91135714,1504.635,2749.641429,2352.727857,641.0262857,906.3278571,517.114,214.9462857,125.7031429
Leaf: 43 pos 2,Leaf: 43,b'AS7265X',64,150,pos 2,White LED,213,0.1045,0.2579,0.531063243,0.177735135,0.708798378,1.58113883,0.019514994,0.022752472,0.0439978,0.065212564,0.095705413,667.1067857,90.80214286,352.1025,2987.339286,6795.98,1820.137857,1782.249286,1706.072143,345.3579286,89.89771429,3311.295714,5489.897857,4417.367143,1080.381429,1545.723571,887.3207143,345.2167143,192.7447857
Leaf: 43 pos 3,Leaf: 43,b'AS7265X',64,150,pos 3,White LED,213,0.1045,0.2579,0.531063243,0.177735135,0.708798378,1.58113883,0.019514994,0.022752472,0.0439978,0.065212564,0.095705413,507.6878571,79.45192857,225.8770714,1742.614286,4958.194286,1062.765,1287.511429,1251.119286,256.6201429,71.91821429,2108.686429,3866.389286,3377.045,907.5207143,1086.352143,599.3821429,286.595,150.8437857
Leaf: 44 pos 1,Leaf: 44,b'AS7265X',64,150,pos 1,White LED,218,0.09064,0.23372,0.483460757,0.144045838,0.627506595,1.58113883,0.007690774,0.019030948,0.039658662,0.017164895,0.050902399,235.4494286,45.40107857,126.2254286,1083.247143,3739.384286,641.3235714,542.4237857,506.1347143,134.3058571,41.95227143,1273.997857,2336.725714,1744.54,439.3551429,589.7340714,334.9488571,162.8380714,108.9427143
Leaf: 44 pos 2,Leaf: 44,b'AS7265X',64,150,pos 2,White LED,218,0.09064,0.23372,0.483460757,0.144045838,0.627506595,1.58113883,0.007690774,0.019030948,0.039658662,0.017164895,0.050902399,519.9508571,79.45192857,245.8074286,1998.287857,4696.564286,1020.01,1230.884286,1214.154286,292.5949286,83.90457143,2015.332857,3486.32,2744.849286,857.1028571,1204.298571,675.774,286.595,175.9843571
Leaf: 44 pos 3,Leaf: 44,b'AS7265X',64,150,pos 3,White LED,218,0.09064,0.23372,0.483460757,0.144045838,0.627506595,1.58113883,0.007690774,0.019030948,0.039658662,0.017164895,0.050902399,620.5073571,94.58557143,305.5984286,2253.960714,5902.612143,1093.304286,1516.998571,1492.812857,347.7562143,89.89771429,2158.108571,4551.454286,3401.052857,1433.305714,1520.892857,940.2071429,364.7572857,226.2656429
Leaf: 45 pos 1,Leaf: 45,b'AS7265X',64,150,pos 1,White LED,223,0.13962,0.33302,0.683226847,0.249125982,0.932352829,1.58113883,0.01588984,0.026795186,0.052608514,0.040209311,0.09171258,402.2261429,71.88507143,212.5902143,1769.527143,4645.515,995.5785714,759.9892857,799.01,232.6369286,77.91135714,2026.315714,3106.25,2400.742857,669.8365,1086.352143,622.8873571,241.0003571,134.0833571
Leaf: 45 pos 2,Leaf: 45,b'AS7265X',64,150,pos 2,White LED,223,0.13962,0.33302,0.683226847,0.249125982,0.932352829,1.58113883,0.01588984,0.026795186,0.052608514,0.040209311,0.09171258,713.7060714,117.2861429,325.5287143,2980.610714,7089.515714,1362.049286,1367.980714,1512.717143,402.9175714,125.8567857,2877.477857,4875.217143,3457.07,1195.622143,1713.332857,1022.475714,358.2437143,201.125
Leaf: 45 pos 3,Leaf: 45,b'AS7265X',64,150,pos 3,White LED,223,0.13962,0.33302,0.683226847,0.249125982,0.932352829,1.58113883,0.01588984,0.026795186,0.052608514,0.040209311,0.09171258,566.5502143,83.23528571,245.8074286,2126.124286,5577.170714,965.0392857,1159.356429,1234.058571,299.7898571,89.89771429,2108.686429,3420.628571,2928.906429,1073.178571,1297.415,793.3,325.6761429,192.7447857
Leaf: 46 pos 1,Leaf: 46,b'AS7265X',64,150,pos 1,White LED,228,0.10988,0.27816,0.574306523,0.179840144,0.754146667,1.58113883,0.008022905,0.020849772,0.04332137,0.014343239,0.055282112,409.5839286,56.75135,192.6598571,1412.930714,3835.102143,934.5,849.4,912.7485714,206.2554286,59.93181429,1702.325,2730.872143,2424.750714,648.2288571,931.1592857,540.6191429,227.9732857,134.0833571
Leaf: 46 pos 2,Leaf: 46,b'AS7265X',64,150,pos 2,White LED,228,0.10988,0.27816,0.574306523,0.179840144,0.754146667,1.58113883,0.008022905,0.020849772,0.04332137,0.014343239,0.055282112,664.6542143,94.58557143,318.8852857,2570.188571,6425.870714,1270.431429,1573.625,1558.212143,400.5192857,101.8840714,2421.694286,4476.378571,3585.11,1188.419286,1806.448571,1040.104286,364.7572857,209.5052143
Leaf: 46 pos 3,Leaf: 46,b'AS7265X',64,150,pos 3,White LED,228,0.10988,0.27816,0.574306523,0.179840144,0.754146667,1.58113883,0.008022905,0.020849772,0.04332137,0.014343239,0.055282112,267.3332143,41.61765714,172.7295714,1264.909286,2214.277143,787.9121429,864.3014286,949.7135714,206.2554286,59.93181429,873.1278571,2364.879286,2104.651429,374.5322143,869.0814286,511.2377143,143.2975,134.0833571
Leaf: 47 pos 1,Leaf: 47,b'AS7265X',64,150,pos 1,White LED,233,0.13036,0.30938,0.634376,0.234170378,0.868546378,1.58113883,0.009365522,0.011483336,0.021490607,0.028662671,0.048135585,269.7858571,41.61765714,119.582,1002.507857,3254.412857,616.8922857,485.7971429,511.8215714,136.7041429,41.95227143,1180.644286,2036.423571,1592.492857,525.7856429,620.7727143,364.3303571,149.811,92.18228571
Leaf: 47 pos 2,Leaf: 47,b'AS7265X',64,150,pos 2,White LED,233,0.13036,0.30938,0.634376,0.234170378,0.868546378,1.58113883,0.009365522,0.011483336,0.021490607,0.028662671,0.048135585,465.9936429,68.10161429,279.0246429,2005.015714,4734.852143,1001.686429,1069.945714,986.6785714,297.3915714,71.91821429,1817.643571,3237.632143,2560.792857,1138.001429,1309.830714,787.4235714,312.6490714,192.7447857
Leaf: 47 pos 3,Leaf: 47,b'AS7265X',64,150,pos 3,White LED,233,0.13036,0.30938,0.634376,0.234170378,0.868546378,1.58113883,0.009365522,0.011483336,0.021490607,0.028662671,0.048135585,412.0365,68.10161429,232.5205,1547.495714,4186.068571,928.3921429,1084.847857,935.4964286,292.5949286,65.925,1521.109286,3068.712143,2736.847143,1022.760714,1334.661429,799.1764286,306.1355714,175.9843571
Leaf: 48 pos 1,Leaf: 48,b'AS7265X',64,150,pos 1,White LED,238,0.1428,0.33296,0.681377009,0.262513874,0.943890883,1.58113883,0.011330931,0.008425141,0.014808258,0.041057947,0.050296187,443.9202857,56.75135,199.3032857,1399.474286,4294.549286,897.8528571,757.0092857,818.9142857,227.8402857,65.925,1515.617857,2641.72,2672.827143,871.5078571,1104.975714,652.2687857,254.0273571,142.4635714
Leaf: 48 pos 2,Leaf: 48,b'AS7265X',64,150,pos 2,White LED,238,0.1428,0.33296,0.681377009,0.262513874,0.943890883,1.58113883,0.011330931,0.008425141,0.014808258,0.041057947,0.050296187,247.7124286,49.1845,146.1557143,1116.887857,3637.285,720.7257143,563.2862143,560.1602857,191.8655,47.94545,1246.540714,2200.651429,1656.512857,720.2542857,819.42,511.2377143,195.4056429,117.3229286
Leaf: 48 pos 3,Leaf: 48,b'AS7265X',64,150,pos 3,White LED,238,0.1428,0.33296,0.681377009,0.262513874,0.943890883,1.58113883,0.011330931,0.008425141,0.014808258,0.041057947,0.050296187,502.7826429,83.23528571,239.164,2274.145714,6081.285714,1136.058571,1069.945714,1106.103571,354.9512143,83.90457143,2218.513571,3922.696429,3216.995714,1015.558571,1527.100714,857.9392857,312.6490714,175.9843571
Leaf: 49 pos 1,Leaf: 49,b'AS7265X',64,150,pos 1,White LED,243,0.12744,0.31476,0.648201946,0.216504216,0.864706162,1.58113883,0.010674877,0.026755242,0.055322713,0.0191782,0.072526152,431.6572857,71.88507143,285.6680714,2590.372857,5972.805,1203.245,1031.201429,1003.738571,338.163,71.91821429,2690.771429,4265.228571,3729.154286,1246.04,1651.255,969.5885714,351.7302143,192.7447857
Leaf: 49 pos 2,Leaf: 49,b'AS7265X',64,150,pos 2,White LED,243,0.12744,0.31476,0.648201946,0.216504216,0.864706162,1.58113883,0.010674877,0.026755242,0.055322713,0.0191782,0.072526152,573.9080714,109.7192857,292.3115,2886.415714,6821.505,1093.304286,1218.963571,1305.145,436.4940714,113.8704286,2630.366429,4809.525714,3881.200714,1519.736429,1874.733571,1110.62,403.8384286,217.8854286
Leaf: 49 pos 3,Leaf: 49,b'AS7265X',64,150,pos 3,White LED,243,0.12744,0.31476,0.648201946,0.216504216,0.864706162,1.58113883,0.010674877,0.026755242,0.055322713,0.0191782,0.072526152,652.3911429,117.2861429,292.3115,2798.948571,6795.98,1673.549286,1269.629286,1501.343571,434.0957143,125.8567857,3443.088571,4978.446429,3377.045,1390.090714,1651.255,975.465,338.7031429,192.7447857
Leaf: 50 pos 1,Leaf: 50,b'AS7265X',64,150,pos 1,White LED,248,0.1323,0.32314,0.664668937,0.228416937,0.893085874,1.58113883,0.005124939,0.01772013,0.03895102,0.019245331,0.036130969,730.8742857,113.5027143,318.8852857,3229.555714,7740.4,1526.960714,1186.179286,1444.474286,328.5697143,119.8636429,3635.286429,5555.589286,3793.173571,1073.178571,1402.946429,822.6814286,345.2167143,192.7447857
Leaf: 50 pos 2,Leaf: 50,b'AS7265X',64,150,pos 2,White LED,248,0.1323,0.32314,0.664668937,0.228416937,0.893085874,1.58113883,0.005124939,0.01772013,0.03895102,0.019245331,0.036130969,461.0885,79.45192857,205.9467857,2327.971429,6776.836429,940.6078571,837.4785714,983.835,254.2217857,83.90457143,2372.271429,4082.232143,2472.765714,785.0771429,1036.69,622.8873571,241.0003571,142.4635714
Leaf: 50 pos 3,Leaf: 50,b'AS7265X',64,150,pos 3,White LED,248,0.1323,0.32314,0.664668937,0.228416937,0.893085874,1.58113883,0.005124939,0.01772013,0.03895102,0.019245331,0.036130969,613.1495714,94.58557143,285.6680714,2778.763571,7217.142857,1154.382143,1177.238571,1265.336429,352.5528571,95.89092857,2635.857143,4556.145714,4497.392143,1346.875714,1589.177857,940.2071429,397.3248571,234.6458571
Leaf: 51 pos 1,Leaf: 51,b'AS7265X',64,150,pos 1,White LED,253,0.13818,0.3302,0.677580144,0.24593636,0.923516505,1.58113883,0.017428052,0.028599738,0.056547331,0.047563328,0.098214987,502.7826429,79.45192857,245.8074286,1702.245,4964.575,885.6371429,932.85,955.4,242.2302143,83.90457143,1724.29,3415.936429,2288.708571,792.28,1073.936429,617.0110714,247.5138571,159.224
Leaf: 51 pos 2,Leaf: 51,b'AS7265X',64,150,pos 2,White LED,253,0.13818,0.3302,0.677580144,0.24593636,0.923516505,1.58113883,0.017428052,0.028599738,0.056547331,0.047563328,0.098214987,581.2657857,105.9358571,259.0942857,2550.003571,6891.697857,1007.794286,1215.982857,1313.675,316.5781429,107.8772857,2504.065,4771.988571,3481.077143,1123.596429,1284.999286,758.0421429,312.6490714,167.6041429
Leaf: 51 pos 3,Leaf: 51,b'AS7265X',64,150,pos 3,White LED,253,0.13818,0.3302,0.677580144,0.24593636,0.923516505,1.58113883,0.017428052,0.028599738,0.056547331,0.047563328,0.098214987,534.6664286,94.58557143,259.0942857,2321.243571,6483.300714,983.3628571,1135.513571,1137.381429,292.5949286,95.89092857,2152.617143,4298.074286,3104.960714,1001.153571,1198.091429,722.7842857,338.7031429,209.5052143
Leaf: 52 pos 1,Leaf: 52,b'AS7265X',64,150,pos 1,White LED,258,0.10552,0.25354,0.520583928,0.186409225,0.706993153,1.58113883,0.008219915,0.017691184,0.035960893,0.017314392,0.052207986,502.7826429,83.23528571,305.5984286,2388.525714,4888.000714,1783.49,1159.356429,1180.032857,378.9344286,89.89771429,3080.658571,3936.772857,3681.139286,1181.217143,1539.516429,863.8157143,358.2437143,217.8854286
Leaf: 52 pos 2,Leaf: 52,b'AS7265X',64,150,pos 2,White LED,258,0.10552,0.25354,0.520583928,0.186409225,0.706993153,1.58113883,0.008219915,0.017691184,0.035960893,0.017314392,0.052207986,573.9080714,90.80214286,272.3812143,2475.992857,6355.677143,1398.696429,1153.395714,1251.119286,378.9344286,89.89771429,2619.383571,4481.070714,3857.193571,1065.976429,1496.062143,857.9392857,358.2437143,201.125
Leaf: 52 pos 3,Leaf: 52,b'AS7265X',64,150,pos 3,White LED,258,0.10552,0.25354,0.520583928,0.186409225,0.706993153,1.58113883,0.008219915,0.017691184,0.035960893,0.017314392,0.052207986,372.7949286,71.88507143,239.164,1661.875714,4683.802143,965.0392857,989.4764286,801.8535714,318.9764286,65.925,1581.514286,3232.94,3024.936429,1116.394286,1452.607857,846.1864286,358.2437143,217.8854286
Leaf: 53 pos 1,Leaf: 53,b'AS7265X',64,150,pos 1,White LED,263,0.1301,0.3003,0.613836577,0.242242523,0.856079099,1.58113883,0.008321358,0.012766754,0.025261596,0.024465877,0.045214855,608.2444286,102.1524286,298.9549286,2718.209286,6636.45,1154.382143,1230.884286,1296.614286,402.9175714,107.8772857,2569.960714,4373.149286,2784.862143,1166.812143,1694.709286,993.0942857,338.7031429,201.125
Leaf: 53 pos 2,Leaf: 53,b'AS7265X',64,150,pos 2,White LED,263,0.1301,0.3003,0.613836577,0.242242523,0.856079099,1.58113883,0.008321358,0.012766754,0.025261596,0.024465877,0.045214855,286.954,45.40107857,166.0860714,1015.964286,2737.535714,671.8627857,664.6181429,651.1507857,203.8571429,47.94545,1213.592857,1933.195,1824.565,590.6085,1024.275,581.7532857,208.4327143,117.3229286
Leaf: 53 pos 3,Leaf: 53,b'AS7265X',64,150,pos 3,White LED,263,0.1301,0.3003,0.613836577,0.242242523,0.856079099,1.58113883,0.008321358,0.012766754,0.025261596,0.024465877,0.045214855,505.2352143,83.23528571,245.8074286,1789.712143,4977.337857,1154.382143,914.9678571,1046.390714,299.7898571,83.90457143,1905.505,3096.865714,2608.807857,1123.596429,1353.284286,793.3,306.1355714,184.3645714
Leaf: 54 pos 1,Leaf: 54,b'AS7265X',64,150,pos 1,White LED,268,0.1357,0.31714,0.64917236,0.24872036,0.897892721,1.58113883,0.007039886,0.008369468,0.017095565,0.025441609,0.033112815,512.593,87.01871429,252.4508571,2233.776429,5896.230714,1007.794286,986.4957143,1069.138571,318.9764286,89.89771429,2196.547857,4054.078571,2512.777857,907.5207143,1371.907857,793.3,273.5679286,159.224
Leaf: 54 pos 2,Leaf: 54,b'AS7265X',64,150,pos 2,White LED,268,0.1357,0.31714,0.64917236,0.24872036,0.897892721,1.58113883,0.007039886,0.008369468,0.017095565,0.025441609,0.033112815,524.856,94.58557143,219.2336429,1702.245,4454.079286,873.4214286,1087.827857,1165.815714,330.968,101.8840714,1652.902143,3101.557857,2712.839286,1001.153571,1340.868571,775.6707143,280.0814286,159.224
Leaf: 54 pos 3,Leaf: 54,b'AS7265X',64,150,pos 3,White LED,268,0.1357,0.31714,0.64917236,0.24872036,0.897892721,1.58113883,0.007039886,0.008369468,0.017095565,0.025441609,0.033112815,510.1404286,79.45192857,272.3812143,2597.100714,6770.455714,1246,1102.73,1128.850714,323.7730714,83.90457143,2564.469286,4401.302857,3249.005714,957.9378571,1452.607857,822.6814286,293.1085,167.6041429
Leaf: 55 pos 1,Leaf: 55,b'AS7265X',64,150,pos 1,White LED,273,0.03708,0.09846,0.204264,0.056054919,0.260318919,1.58113883,0.010706166,0.026558483,0.054726043,0.018150044,0.07276886,630.3177857,128.6363571,272.3812143,2354.884286,6100.429286,922.2842857,2133.930714,1944.922143,534.8251429,113.8704286,3042.218571,5879.352143,5041.560714,1195.622143,1359.492143,711.0317857,377.7842857,192.7447857
Leaf: 55 pos 2,Leaf: 55,b'AS7265X',64,150,pos 2,White LED,273,0.03708,0.09846,0.204264,0.056054919,0.260318919,1.58113883,0.010706166,0.026558483,0.054726043,0.018150044,0.07276886,566.5502143,102.1524286,265.7377857,2146.309286,5290.016429,1160.49,1946.168571,1717.445714,448.4856429,95.89092857,2723.719286,5766.739286,4385.357143,1080.381429,1371.907857,705.1554286,351.7302143,192.7447857
Leaf: 55 pos 3,Leaf: 55,b'AS7265X',64,150,pos 3,White LED,273,0.03708,0.09846,0.204264,0.056054919,0.260318919,1.58113883,0.010706166,0.026558483,0.054726043,0.018150044,0.07276886,583.7183571,98.369,239.164,1661.875714,4517.890714,879.5292857,1794.170714,1578.116429,390.926,101.8840714,1976.892857,4617.145,3801.176429,950.7357143,1253.960714,664.0214286,338.7031429,192.7447857
Leaf: 56 pos 1,Leaf: 56,b'AS7265X',64,150,pos 1,White LED,278,0.10094,0.27412,0.569921838,0.146449081,0.716370919,1.58113883,0.005915488,0.02365855,0.050809876,0.006408204,0.051186376,348.269,64.31819286,192.6598571,1365.832857,4064.825714,739.0492857,849.4,830.2885714,203.8571429,65.925,1471.687143,2913.869286,1936.599286,561.7983571,838.0428571,470.1036429,201.9192143,134.0833571
Leaf: 56 pos 2,Leaf: 56,b'AS7265X',64,150,pos 2,White LED,278,0.10094,0.27412,0.569921838,0.146449081,0.716370919,1.58113883,0.005915488,0.02365855,0.050809876,0.006408204,0.051186376,480.7092857,71.88507143,279.0246429,2267.417143,5124.105714,1062.765,1266.648571,1145.911429,254.2217857,77.91135714,2229.495714,4007.156429,3241.003571,979.5457143,1173.260714,675.774,306.1355714,192.7447857
Leaf: 56 pos 3,Leaf: 56,b'AS7265X',64,150,pos 3,White LED,278,0.10094,0.27412,0.569921838,0.146449081,0.716370919,1.58113883,0.005915488,0.02365855,0.050809876,0.006408204,0.051186376,502.7826429,90.80214286,285.6680714,2334.7,6100.429286,1074.980714,1403.745,1168.659286,318.9764286,77.91135714,2191.056429,4617.145,3737.156429,1577.356429,1222.922143,781.5471429,423.3789286,251.4062857
Leaf: 57 pos 1,Leaf: 57,b'AS7265X',64,150,pos 1,White LED,283,0.1169,0.30522,0.632153117,0.181957117,0.814110234,1.58113883,0.007107391,0.021480386,0.045221527,0.010301368,0.052788684,321.2903571,75.66842857,192.6598571,1608.05,4862.476429,794.02,843.4392857,781.9492857,244.6285,65.925,1839.609286,3359.63,3160.978571,1029.963571,1005.651429,593.5058571,286.595,150.8437857
Leaf: 57 pos 2,Leaf: 57,b'AS7265X',64,150,pos 2,White LED,283,0.1169,0.30522,0.632153117,0.181957117,0.814110234,1.58113883,0.007107391,0.021480386,0.045221527,0.010301368,0.052788684,414.4891429,75.66842857,219.2336429,1641.690714,4415.791429,891.745,1066.965714,1012.269286,263.8150714,71.91821429,1823.135,3308.015714,3489.08,929.1278571,1098.767857,652.2687857,319.1626429,184.3645714
Leaf: 57 pos 3,Leaf: 57,b'AS7265X',64,150,pos 3,White LED,283,0.1169,0.30522,0.632153117,0.181957117,0.814110234,1.58113883,0.007107391,0.021480386,0.045221527,0.010301368,0.052788684,573.9080714,94.58557143,259.0942857,2529.818571,6406.727143,1099.412143,1061.005,1162.972143,333.3663571,95.89092857,2504.065,4509.224286,2640.817143,965.1407143,1415.361429,787.4235714,293.1085,175.9843571
Leaf: 58 pos 1,Leaf: 58,b'AS7265X',64,150,pos 1,White LED,288,0.1274,0.33308,0.689946883,0.197851532,0.887798414,1.58113883,0.008689649,0.019636879,0.040046386,0.016648348,0.056631435,304.1222143,56.75135,199.3032857,1608.05,4907.144286,885.6371429,974.5742857,744.985,208.6537857,53.93863571,1976.892857,3359.63,2296.710714,641.0262857,794.5892857,464.2273571,247.5138571,150.8437857
Leaf: 58 pos 2,Leaf: 58,b'AS7265X',64,150,pos 2,White LED,288,0.1274,0.33308,0.689946883,0.197851532,0.887798414,1.58113883,0.008689649,0.019636879,0.040046386,0.016648348,0.056631435,424.2995,71.88507143,205.9467857,1628.234286,4556.178571,934.5,929.8692857,929.8092857,232.6369286,65.925,1872.557143,3092.172857,3128.968571,763.4692857,1024.275,599.3821429,267.0544286,159.224
Leaf: 58 pos 3,Leaf: 58,b'AS7265X',64,150,pos 3,White LED,288,0.1274,0.33308,0.689946883,0.197851532,0.887798414,1.58113883,0.008689649,0.019636879,0.040046386,0.016648348,0.056631435,659.7489286,94.58557143,239.164,1944.461429,4830.57,1038.333571,1108.69,1268.18,275.8067143,95.89092857,1943.945,3580.164286,3176.983571,1145.204286,1204.298571,734.5371429,312.6490714,184.3645714
Leaf: 59 pos 1,Leaf: 59,b'AS7265X',64,150,pos 1,White LED,293,0.10726,0.2625,0.540052721,0.184660829,0.72471355,1.58113883,0.007213044,0.017958424,0.037110791,0.013091199,0.048846928,571.4554286,79.45192857,219.2336429,1601.321429,4294.549286,940.6078571,1326.255714,1157.285714,345.3579286,89.89771429,1685.850714,3040.559286,2656.822143,986.7485714,1316.037857,758.0421429,332.1896429,192.7447857
Leaf: 59 pos 2,Leaf: 59,b'AS7265X',64,150,pos 2,White LED,293,0.10726,0.2625,0.540052721,0.184660829,0.72471355,1.58113883,0.007213044,0.017958424,0.037110791,0.013091199,0.048846928,323.743,60.53477143,212.5902143,1648.419286,4709.327143,848.99,935.83,813.2278571,266.2134286,59.93181429,1444.23,2829.409286,2264.700714,993.9507143,1241.545,740.4135714,299.622,201.125
Leaf: 59 pos 3,Leaf: 59,b'AS7265X',64,150,pos 3,White LED,293,0.10726,0.2625,0.540052721,0.184660829,0.72471355,1.58113883,0.007213044,0.017958424,0.037110791,0.013091199,0.048846928,456.1832857,79.45192857,219.2336429,1944.461429,5264.491429,1178.813571,1007.358571,1040.703571,292.5949286,71.91821429,2273.427143,3683.392857,3208.992857,821.09,1266.376429,711.0317857,286.595,167.6041429
Leaf: 60 pos 1,Leaf: 60,b'AS7265X',64,150,pos 1,White LED,298,0.1191,0.27722,0.567198523,0.21942955,0.786628072,1.58113883,0.003169385,0.0321744,0.073497799,0.036500348,0.041084993,583.7183571,90.80214286,298.9549286,2509.634286,6438.632857,1551.392143,1326.255714,1288.084286,371.7394286,89.89771429,2712.736429,4570.222857,4105.270714,1260.445,1676.086429,969.5885714,390.8113571,217.8854286
Leaf: 60 pos 2,Leaf: 60,b'AS7265X',64,150,pos 2,White LED,298,0.1191,0.27722,0.567198523,0.21942955,0.786628072,1.58113883,0.003169385,0.0321744,0.073497799,0.036500348,0.041084993,416.9417143,64.31819286,192.6598571,1527.310714,4403.029286,965.0392857,894.105,944.0264286,242.2302143,65.925,1872.557143,2876.331429,2664.825,763.4692857,1117.390714,652.2687857,267.0544286,159.224
Leaf: 60 pos 3,Leaf: 60,b'AS7265X',64,150,pos 3,White LED,298,0.1191,0.27722,0.567198523,0.21942955,0.786628072,1.58113883,0.003169385,0.0321744,0.073497799,0.036500348,0.041084993,409.5839286,83.23528571,239.164,1803.168571,4594.465,891.745,1046.102857,978.1478571,316.5781429,83.90457143,1630.937143,3279.862143,2696.834286,1080.381429,1452.607857,840.31,319.1626429,184.3645714